Filename,Source,Start_DateTime_GMT,End_DateTime_GMT,EncounterCount,EncounterNumber,SamplingRate,NumChannels,EncounterID,CruiseID,DataProvider,KnownSpecies,GeographicLocation,ClassifiedSpecies,FREQMAX,FREQMIN,DURATION,FREQBEG,FREQEND,FREQRANGE,DCMEAN,DCSTDDEV,FREQMEAN,FREQSTDDEV,FREQMEDIAN,FREQCENTER,FREQRELBW,FREQMAXMINRATIO,FREQBEGENDRATIO,FREQQUARTER1,FREQQUARTER2,FREQQUARTER3,FREQSPREAD,DCQUARTER1MEAN,DCQUARTER2MEAN,DCQUARTER3MEAN,DCQUARTER4MEAN,FREQCOFM,FREQSTEPUP,FREQSTEPDOWN,FREQNUMSTEPS,FREQSLOPEMEAN,FREQABSSLOPEMEAN,FREQPOSSLOPEMEAN,FREQNEGSLOPEMEAN,FREQSLOPERATIO,FREQBEGSWEEP,FREQBEGUP,FREQBEGDWN,FREQENDSWEEP,FREQENDUP,FREQENDDWN,NUMSWEEPSUPDWN,NUMSWEEPSDWNUP,NUMSWEEPSUPFLAT,NUMSWEEPSDWNFLAT,NUMSWEEPSFLATUP,NUMSWEEPSFLATDWN,FREQSWEEPUPPERCENT,FREQSWEEPDWNPERCENT,FREQSWEEPFLATPERCENT,NUMINFLECTIONS,INFLMAXDELTA,INFLMINDELTA,INFLMAXMINDELTA,INFLMEANDELTA,INFLSTDDEVDELTA,INFLMEDIANDELTA,INFLDUR,STEPDUR,FREQPEAK,BW3DB,BW3DBLOW,BW3DBHIGH,BW10DB,BW10DBLOW,BW10DBHIGH,RMSSIGNAL,RMSNOISE,SNR,NCROSSINGS,SWEEPRATE,MEANTIMEZC,MEDIANTIMEZC,VARIANCETIMEZC,WHALETRAIN,CLICKTYPE,ICI,OFFLINEEVENTID,Lat,Long,Classifier,Species1,Species2,Species3,Species4,Species5,Species6,Species7,Species8,Species9,Species10,Species11,Species12,Species_List,
sel.62.ch02.241003.144958.10.C.41.F.wav,C:\Users\kepar\Desktop\ToTrace\trace_15\Encounter2-sel-Channel0-20241003_144958.wav,49:58.0,49:58.1,2,41b,95703,null,null,null,null,null,null,Ambig,11682.49512,10280.5957,0.065,10467.51563,11682.49512,1401.899414,0.679896278,0.150187635,10654.43555,398.3485301,10467.51563,10981.54541,0.127659574,1.136363636,0.896,10280.5957,10467.51563,10841.35547,373.8398438,0.544392173,0.775443452,0.776859612,0.668057911,0.140189941,0,0,0,17801.89732,22994.11737,48955.21763,-31153.32031,-1.571428571,0,0,1,2,1,0,1,0,1,1,2,0,66.66666667,20,13.33333333,2,0.049,0.049,1,0.049,0,0.049,30.76923077,0,0,0,0,0,0,0,0,0,0,0,0,0,0,0,0,0,0,0,0,0,0,HIWhist.model,0,0,0.104,0.066666667,0.169333333,0,0.258666667,0.013333333,0.213333333,0.156,0.018666667,0,(Fa-Gg-Gm-Pc-Pe-Pm-Sa-Sb-Sc-Sl-Tt-Zc-),
sel.146.ch02.241001.152439.15.C.73.F.wav,C:\Users\kepar\Desktop\ToTrace\trace_15\Encounter8-sel-Channel0-20241001_152403.wav,24:03.0,24:03.1,8,73b,95703,null,null,null,null,null,null,Ambig,11869.41504,11589.03516,0.032,11869.41504,11869.41504,280.3798828,0.43953578,0.345802872,11695.84654,125.7209766,11682.49512,11729.2251,0.023904382,1.024193548,1,11682.49512,11589.03516,11589.03516,186.9199219,0.232856542,0.269743986,0.440654747,1.190239908,0.028037988,0,0,0,519.2220052,18172.77018,56075.97656,-26480.32227,-2.117647059,0,0,1,0,0,1,1,0,0,1,1,0,28.57142857,57.14285714,14.28571429,2,0.005,0.005,1,0.005,0,0.005,62.5,0,0,0,0,0,0,0,0,0,0,0,0,0,0,0,0,0,0,0,0,0,0,HIWhist.model,0,0,0.062666667,0.104,0.165333333,0,0.046666667,0.153333333,0.232,0.194666667,0.041333333,0,(Fa-Gg-Gm-Pc-Pe-Pm-Sa-Sb-Sc-Sl-Tt-Zc-),
sel.148.ch02.241001.152439.38.C.74.F.wav,C:\Users\kepar\Desktop\ToTrace\trace_15\Encounter10-sel-Channel0-20241001_152403.wav,24:03.0,24:03.1,10,74b,95703,null,null,null,null,null,null,Sc,12617.09473,11589.03516,0.102,12149.79492,12617.09473,1028.05957,0.703405083,0.33440462,11850.72305,268.8283494,11822.68506,12103.06494,0.084942085,1.088709677,0.962962963,11589.03516,11682.49512,11962.875,303.744873,0.54315957,0.631219574,0.857755146,0.841067663,0.065421973,0,0,0,4591.015625,19019.92188,28037.98828,-27414.92188,-1.022727273,0,0,1,2,1,0,2,1,0,1,1,0,57.89473684,31.57894737,10.52631579,4,0.043,0.011,3.909090909,0.023333333,0.017214335,0.016,39.21568627,0,0,0,0,0,0,0,0,0,0,0,0,0,0,0,0,0,0,0,0,0,0,HIWhist.model,0,0,0.034666667,0.130666667,0.030666667,0,0.093333333,0.028,0.470666667,0.170666667,0.041333333,0,(Fa-Gg-Gm-Pc-Pe-Pm-Sa-Sb-Sc-Sl-Tt-Zc-),
sel.161.ch02.241003.183419.50.C.76.F.wav,C:\Users\kepar\Desktop\ToTrace\trace_15\Encounter14-sel-Channel0-20241003_183401.wav,34:01.0,34:01.1,14,76b,95703,null,null,null,null,null,null,Sc,12056.33496,10934.81543,0.107,11402.11523,12056.33496,1121.519531,0.47553536,0.11100098,11419.91713,380.3476494,11308.65527,11495.5752,0.097560976,1.102564103,0.945736434,11028.27539,11308.65527,11682.49512,747.6796875,0.491167669,0.517003355,0.455549311,0.435294644,0.102805957,0,0,0,6230.664063,16822.79297,25614.95226,-26480.32227,-0.967320261,0,0,1,2,1,0,1,1,1,0,1,0,63.63636364,22.72727273,13.63636364,2,0.086,0.086,1,0.086,0,0.086,18.69158879,0,0,0,0,0,0,0,0,0,0,0,0,0,0,0,0,0,0,0,0,0,0,HIWhist.model,0,0,0.06,0.012,0.030666667,0,0.048,0.008,0.462666667,0.344,0.034666667,0,(Fa-Gg-Gm-Pc-Pe-Pm-Sa-Sb-Sc-Sl-Tt-Zc-),
sel.190.ch02.241003.145149.07.C.108.F.wav,C:\Users\kepar\Desktop\ToTrace\trace_15\Encounter16-sel-Channel0-20241003_145104.wav,51:04.0,51:04.2,16,108b,95703,null,null,null,null,null,null,Ambig,12523.63477,9626.375977,0.107,9626.375977,12523.63477,2897.258789,0.734744169,0.145263623,11086.13156,677.4887946,11121.73535,11075.00537,0.261603376,1.300970874,0.768656716,10654.43555,11215.19531,11402.11523,747.6796875,0.597769976,0.678091812,0.90697351,0.783536215,0.140189941,0,0,0,26213.29381,31820.89146,44641.68098,-18691.99219,-2.388278388,2,1,0,2,1,0,1,0,1,0,1,0,86.66666667,6.666666667,6.666666667,1,0,0,0,0,0,0,0,0,0,0,0,0,0,0,0,0,0,0,0,0,0,0,0,0,0,0,0,0,0,HIWhist.model,0,0,0.025333333,0.010666667,0.22,0,0.316,0.002666667,0.134666667,0.233333333,0.057333333,0,(Fa-Gg-Gm-Pc-Pe-Pm-Sa-Sb-Sc-Sl-Tt-Zc-),
sel.206.ch02.241003.164642.74.C.103.F.wav,C:\Users\kepar\Desktop\ToTrace\trace_15\Encounter18-sel-Channel0-20241003_164604.wav,46:04.0,46:04.1,18,103b,95703,null,null,null,null,null,null,Ambig,12523.63477,10934.81543,0.079,10934.81543,12523.63477,1588.819336,0.581022452,0.094919835,11629.92389,412.3109872,11589.03516,11729.2251,0.135458167,1.145299145,0.873134328,11308.65527,11495.5752,11775.95508,420.5698242,0.487914651,0.672496193,0.614845679,0.569139499,0.121497949,0,0,0,20976.56901,23053.45703,30020.4723,-15576.66016,-1.927272727,2,1,0,2,1,0,1,0,0,0,0,0,100,0,0,1,0,0,0,0,0,0,0,0,0,0,0,0,0,0,0,0,0,0,0,0,0,0,0,0,0,0,0,0,0,HIWhist.model,0,0,0.093333333,0.022666667,0.246666667,0,0.116,0.004,0.288,0.209333333,0.02,0,(Fa-Gg-Gm-Pc-Pe-Pm-Sa-Sb-Sc-Sl-Tt-Zc-),
sel.208.ch02.241003.164643.53.C.104.F.wav,C:\Users\kepar\Desktop\ToTrace\trace_15\Encounter20-sel-Channel0-20241003_164604.wav,46:04.0,46:04.1,20,104b,95703,null,null,null,null,null,null,Ambig,12990.93457,11121.73535,0.107,11121.73535,12990.93457,1869.199219,0.677786643,0.120658919,11793.75698,416.5201755,11775.95508,12056.33496,0.15503876,1.168067227,0.856115108,11495.5752,11775.95508,11962.875,467.2998047,0.60006158,0.770695403,0.785001853,0.57093275,0.074767969,0,0,0,18068.92578,23053.45703,34268.65234,-24922.65625,-1.375,2,1,0,2,1,0,1,0,2,0,2,0,78.94736842,10.52631579,10.52631579,1,0,0,0,0,0,0,0,0,0,0,0,0,0,0,0,0,0,0,0,0,0,0,0,0,0,0,0,0,0,HIWhist.model,0,0,0.086666667,0.026666667,0.222666667,0,0.173333333,0.001333333,0.245333333,0.214666667,0.029333333,0,(Fa-Gg-Gm-Pc-Pe-Pm-Sa-Sb-Sc-Sl-Tt-Zc-),
sel.210.ch02.241003.164643.95.C.105.F.wav,C:\Users\kepar\Desktop\ToTrace\trace_15\Encounter22-sel-Channel0-20241003_164604.wav,46:04.0,46:04.1,22,105b,95703,null,null,null,null,null,null,Sc,12430.1748,11495.5752,0.097,11682.49512,12430.1748,934.5996094,0.726573983,0.099413543,11751.36035,222.1345453,11682.49512,11962.875,0.078125,1.081300813,0.939849624,11589.03516,11682.49512,11775.95508,233.6499023,0.615944952,0.751387969,0.74586647,0.809727178,0.084113965,0,0,0,7442.182075,12980.55013,26257.79855,-24922.65625,-1.053571429,0,0,1,2,1,0,1,1,3,0,3,0,56,24,20,2,0.086,0.086,1,0.086,0,0.086,20.6185567,0,0,0,0,0,0,0,0,0,0,0,0,0,0,0,0,0,0,0,0,0,0,HIWhist.model,0,0,0.08,0.026666667,0.081333333,0,0.056,0.017333333,0.496,0.230666667,0.012,0,(Fa-Gg-Gm-Pc-Pe-Pm-Sa-Sb-Sc-Sl-Tt-Zc-),
sel.238.ch02.241003.164700.62.C.119.F.wav,C:\Users\kepar\Desktop\ToTrace\trace_15\Encounter24-sel-Channel0-20241003_164700.wav,47:00.0,47:00.1,24,119b,95703,null,null,null,null,null,null,Ambig,12336.71484,11215.19531,0.091,11308.65527,12336.71484,1121.519531,0.40158576,0.099286417,11448.84521,292.4881351,11355.38525,11775.95508,0.095238095,1.1,0.916666667,11215.19531,11308.65527,11589.03516,373.8398438,0.35090798,0.442326207,0.359014481,0.456578704,0.04672998,0,0,0,12094.81847,13927.36673,36864.76237,-15576.66016,-2.366666667,0,0,1,2,1,0,1,0,1,1,2,0,50,26.66666667,23.33333333,2,0.053,0.053,1,0.053,0,0.053,21.97802198,0,0,0,0,0,0,0,0,0,0,0,0,0,0,0,0,0,0,0,0,0,0,HIWhist.model,0,0,0.156,0.092,0.056,0,0.093333333,0.026666667,0.208,0.350666667,0.017333333,0,(Fa-Gg-Gm-Pc-Pe-Pm-Sa-Sb-Sc-Sl-Tt-Zc-),
sel.569.ch02.241003.154852.96.C.285.F.wav,C:\Users\kepar\Desktop\ToTrace\trace_15\Encounter28-sel-Channel0-20241003_154805.wav,48:05.1,48:05.2,28,285b,95703,null,null,null,null,null,null,Sc,12336.71484,11589.03516,0.112,11869.41504,12336.71484,747.6796875,0.488774054,0.076325296,11797.19598,168.0097599,11775.95508,11962.875,0.0625,1.064516129,0.962121212,11682.49512,11775.95508,11775.95508,186.9199219,0.563858973,0.469819677,0.484370671,0.425820785,0.074767969,0,0,0,4408.088861,16064.09306,26869.73877,-20398.00735,-1.317272727,0,0,1,2,1,0,4,4,1,0,1,0,55.55555556,38.88888889,5.555555556,8,0.027,0.004,6.75,0.013714286,0.009178131,0.011,71.42857143,0,0,0,0,0,0,0,0,0,0,0,0,0,0,0,0,0,0,0,0,0,0,HIWhist.model,0,0,0.054666667,0.097333333,0.048,0,0.06,0.041333333,0.485333333,0.142666667,0.070666667,0,(Fa-Gg-Gm-Pc-Pe-Pm-Sa-Sb-Sc-Sl-Tt-Zc-),
sel.592.ch02.241003.171500.83.C.295.F.wav,C:\Users\kepar\Desktop\ToTrace\trace_15\Encounter30-sel-Channel0-20241003_171500.wav,15:00.0,15:00.1,30,295b,95703,null,null,null,null,null,null,Ambig,12149.79492,11121.73535,0.065,11121.73535,12149.79492,1028.05957,0.374750882,0.139880108,11581.84593,342.2505353,11402.11523,11635.76514,0.088353414,1.092436975,0.915384615,11402.11523,11402.11523,11962.875,467.2998047,0.418965343,0.401683441,0.373159946,0.290456645,0.074767969,0,0,0,16095.88216,22326.54622,38422.42839,-18691.99219,-2.055555556,2,1,0,0,0,1,2,1,0,0,0,0,77.77777778,22.22222222,0,3,0.027,0.01,2.7,0.0185,0.012020815,0.0185,46.15384615,0,0,0,0,0,0,0,0,0,0,0,0,0,0,0,0,0,0,0,0,0,0,HIWhist.model,0,0,0.065333333,0.06,0.078666667,0,0.149333333,0.002666667,0.38,0.244,0.02,0,(Fa-Gg-Gm-Pc-Pe-Pm-Sa-Sb-Sc-Sl-Tt-Zc-),
sel.616.ch02.241003.171514.52.C.307.F.wav,C:\Users\kepar\Desktop\replacement_traces\Encounter15-sel-Channel0-20241003_171501.wav,15:01.0,15:01.1,15,307b,95703,null,null,null,null,null,null,Sc,12056.33496,11121.73535,0.081,11495.5752,12056.33496,934.5996094,0.31563165,0.140453421,11501.41644,260.9497398,11495.5752,11589.03516,0.080645161,1.084033613,0.953488372,11121.73535,11402.11523,11682.49512,420.5698242,0.22899955,0.301498071,0.262051145,0.550303931,0.093459961,0,0,0,7061.419271,15784.34896,21417.90771,-21807.32422,-0.982142857,0,0,1,2,1,0,1,1,1,0,1,0,73.33333333,20,6.666666667,2,0.059,0.059,1,0.059,0,0.059,24.69135802,0,0,0,0,0,0,0,0,0,0,0,0,0,0,0,0,0,0,0,0,0,0,HIWhist.model,0,0,0.022666667,0.042666667,0.030666667,0,0.048,0.002666667,0.6,0.248,0.005333333,0,(Fa-Gg-Gm-Pc-Pe-Pm-Sa-Sb-Sc-Sl-Tt-Zc-),
sel.618.ch02.241003.171515.11.C.308.F.wav,C:\Users\kepar\Desktop\ToTrace\trace_15\Encounter37-sel-Channel0-20241003_171501.wav,15:01.0,15:01.1,37,308b,95703,null,null,null,null,null,null,Sc,12336.71484,11682.49512,0.117,11869.41504,12336.71484,654.2197266,0.470492561,0.237318902,11926.30371,223.202215,11869.41504,12009.60498,0.054474708,1.056,0.962121212,11869.41504,11775.95508,12056.33496,327.1098633,0.784153296,0.484227894,0.324775065,0.252478274,0.084113965,0,0,0,3934.623897,8749.227945,19931.76718,-17653.54818,-1.129051621,1,0,0,2,1,0,1,1,1,1,1,2,46.875,34.375,18.75,4,0.042,0.011,3.818181818,0.021333333,0.017897858,0.011,34.18803419,0,0,0,0,0,0,0,0,0,0,0,0,0,0,0,0,0,0,0,0,0,0,HIWhist.model,0,0,0.081333333,0.048,0.096,0,0.056,0.089333333,0.412,0.172,0.045333333,0,(Fa-Gg-Gm-Pc-Pe-Pm-Sa-Sb-Sc-Sl-Tt-Zc-),
sel.665.ch02.241003.154952.32.C.333.F.wav,C:\Users\kepar\Desktop\ToTrace\trace_15\Encounter39-sel-Channel0-20241003_154905.wav,49:05.1,49:05.2,39,333b,95703,null,null,null,null,null,null,Sc,12430.1748,11682.49512,0.107,12056.33496,12430.1748,747.6796875,0.488616449,0.106388148,11891.66741,193.58796,11869.41504,12056.33496,0.062015504,1.064,0.969924812,11682.49512,11869.41504,12056.33496,280.3798828,0.411689163,0.414865209,0.571113296,0.572183587,0.037383984,0,0,0,4316.9601,19671.09654,29985.0708,-21934.48063,-1.367028986,0,0,1,2,1,0,3,3,0,0,0,0,58.33333333,41.66666667,0,6,0.02,0.006,3.333333333,0.0116,0.005176872,0.01,56.07476636,0,0,0,0,0,0,0,0,0,0,0,0,0,0,0,0,0,0,0,0,0,0,HIWhist.model,0,0,0.050666667,0.181333333,0.057333333,0,0.061333333,0.028,0.44,0.136,0.045333333,0,(Fa-Gg-Gm-Pc-Pe-Pm-Sa-Sb-Sc-Sl-Tt-Zc-),
sel.688.ch02.241003.150119.67.C.357.F.wav,C:\Users\kepar\Desktop\ToTrace\trace_15\Encounter41-sel-Channel0-20241003_150101.wav,01:01.1,01:01.2,41,357b,95703,null,null,null,null,null,null,Ambig,11962.875,11121.73535,0.128,11402.11523,11962.875,841.1396484,0.254961035,0.074391895,11420.80723,214.1436727,11402.11523,11542.30518,0.072874494,1.075630252,0.953125,11215.19531,11402.11523,11589.03516,373.8398438,0.193598036,0.351558714,0.260027877,0.224886677,0.084113965,0,0,0,4413.387044,8826.774089,19860.2417,-26480.32227,-0.75,0,0,1,2,1,0,1,1,3,0,3,0,52.63157895,26.31578947,21.05263158,2,0.107,0.107,1,0.107,0,0.107,15.625,0,0,0,0,0,0,0,0,0,0,0,0,0,0,0,0,0,0,0,0,0,0,HIWhist.model,0,0,0.064,0.08,0.114666667,0,0.085333333,0.026666667,0.366666667,0.196,0.066666667,0,(Fa-Gg-Gm-Pc-Pe-Pm-Sa-Sb-Sc-Sl-Tt-Zc-),
sel.720.ch02.241003.150133.76.C.373.F.wav,C:\Users\kepar\Desktop\ToTrace\trace_15\Encounter43-sel-Channel0-20241003_150103.wav,01:03.1,01:03.2,43,373b,95703,null,null,null,null,null,null,Sc,12056.33496,11028.27539,0.091,11121.73535,12056.33496,1028.05957,0.46604305,0.200270761,11422.88411,253.5415115,11495.5752,11542.30518,0.089068826,1.093220339,0.92248062,11308.65527,11495.5752,11495.5752,257.0148926,0.264971058,0.420122419,0.599754025,0.641072853,0.037383984,0,0,0,11361.79917,23456.61765,32884.06033,-20561.19141,-1.599326599,2,1,0,2,1,0,3,3,0,0,0,0,77.77777778,22.22222222,0,6,0.032,0.006,5.333333333,0.016,0.010271319,0.011,65.93406593,0,0,0,0,0,0,0,0,0,0,0,0,0,0,0,0,0,0,0,0,0,0,HIWhist.model,0,0,0.034666667,0.084,0.085333333,0,0.098666667,0.005333333,0.526666667,0.146666667,0.018666667,0,(Fa-Gg-Gm-Pc-Pe-Pm-Sa-Sb-Sc-Sl-Tt-Zc-),
sel.848.ch02.241003.171514.91.C.423.F.wav,C:\Users\kepar\Desktop\ToTrace\trace_15\Encounter45-sel-Channel0-20241003_171501.wav,15:01.0,15:01.1,45,423b,95703,null,null,null,null,null,null,Sc,12617.09473,11589.03516,0.064,11962.875,12617.09473,1028.05957,0.352661947,0.124551957,11984.44268,307.978216,11869.41504,12103.06494,0.084942085,1.088709677,0.948148148,11775.95508,11775.95508,12243.25488,467.2998047,0.256911561,0.283586263,0.344313037,0.557753723,0.093459961,0,0,0,9605.607096,21547.71322,31153.32031,-17913.15918,-1.739130435,0,0,1,2,1,0,1,1,0,0,0,0,60,40,0,2,0.032,0.032,1,0.032,0,0.032,31.25,0,0,0,0,0,0,0,0,0,0,0,0,0,0,0,0,0,0,0,0,0,0,HIWhist.model,0,0,0.044,0.094666667,0.042666667,0,0.102666667,0.009333333,0.484,0.210666667,0.012,0,(Fa-Gg-Gm-Pc-Pe-Pm-Sa-Sb-Sc-Sl-Tt-Zc-),
sel.1083.ch02.241003.150800.95.C.555.F.wav,C:\Users\kepar\Desktop\ToTrace\trace_15\Encounter47-sel-Channel0-20241108_155245.wav,52:45.1,52:45.2,47,555b,95703,null,null,null,null,null,null,Ambig,12523.63477,10187.13574,0.107,10187.13574,12523.63477,2336.499023,0.544670707,0.148353955,11517.82757,544.884206,11589.03516,11355.38525,0.205761317,1.229357798,0.813432836,11028.27539,11589.03516,11869.41504,747.6796875,0.384854682,0.505711772,0.632323727,0.68775585,0.112151953,0,0,0,22630.66197,27926.72642,33704.9256,-17653.54818,-1.909243697,2,1,0,2,1,0,2,1,0,0,0,0,92.85714286,7.142857143,0,3,0.017,0.01,1.7,0.0135,0.004949747,0.0135,28.03738318,0,0,0,0,0,0,0,0,0,0,0,0,0,0,0,0,0,0,0,0,0,0,HIWhist.model,0,0,0.042666667,0.022666667,0.208,0,0.196,0.002666667,0.348,0.149333333,0.030666667,0,(Fa-Gg-Gm-Pc-Pe-Pm-Sa-Sb-Sc-Sl-Tt-Zc-),
sel.1111.ch02.241003.150813.93.C.570.F.wav,C:\Users\kepar\Desktop\ToTrace\trace_15\Encounter49-sel-Channel0-20241108_155352.wav,53:52.7,53:52.8,49,570b,95703,null,null,null,null,null,null,Sc,12710.55469,12149.79492,0.08,12149.79492,12710.55469,560.7597656,0.516575078,0.153044077,12231.57239,144.2839385,12149.79492,12430.1748,0.045112782,1.046153846,0.955882353,12149.79492,12243.25488,12336.71484,93.45996094,0.355005473,0.499504043,0.627183619,0.661141081,0.056075977,0,0,0,7061.419271,12045.95052,28661.05469,-18691.99219,-1.533333333,1,0,0,0,0,1,3,2,0,0,1,0,45.45454545,31.81818182,22.72727273,5,0.016,0.005,3.2,0.00925,0.005315073,0.008,62.5,0,0,0,0,0,0,0,0,0,0,0,0,0,0,0,0,0,0,0,0,0,0,HIWhist.model,0,0,0.048,0.057333333,0.06,0,0.081333333,0.068,0.477333333,0.138666667,0.069333333,0,(Fa-Gg-Gm-Pc-Pe-Pm-Sa-Sb-Sc-Sl-Tt-Zc-),
sel.1113.ch02.241003.150814.42.C.571.F.wav,C:\Users\kepar\Desktop\ToTrace\trace_15\Encounter51-sel-Channel0-20241108_155444.wav,54:44.8,54:44.9,51,571b,95703,null,null,null,null,null,null,Sc,12523.63477,11869.41504,0.107,12149.79492,12523.63477,654.2197266,0.585922247,0.132608567,12140.89397,164.3002772,12149.79492,12196.5249,0.053639847,1.05511811,0.970149254,11962.875,12149.79492,12243.25488,186.9199219,0.433893983,0.574812881,0.664985623,0.700402156,0.028037988,0,0,0,3660.515137,11137.31201,21139.75307,-24922.65625,-0.848214286,0,0,1,2,1,0,2,2,3,0,3,0,55.55555556,25.92592593,18.51851852,4,0.074,0.006,12.33333333,0.030333333,0.037898989,0.011,37.38317757,0,0,0,0,0,0,0,0,0,0,0,0,0,0,0,0,0,0,0,0,0,0,HIWhist.model,0,0,0.1,0.068,0.050666667,0,0.054666667,0.050666667,0.452,0.176,0.048,0,(Fa-Gg-Gm-Pc-Pe-Pm-Sa-Sb-Sc-Sl-Tt-Zc-),
sel.1217.ch02.241003.150901.07.C.623.F.wav,C:\Users\kepar\Desktop\ToTrace\trace_15\Encounter53-sel-Channel0-20241108_155551.wav,55:51.2,55:51.3,53,623b,95703,null,null,null,null,null,null,Ambig,12897.47461,11869.41504,0.075,12523.63477,12897.47461,1028.05957,0.756793419,0.112456871,12143.56426,276.9468349,12056.33496,12383.44482,0.083018868,1.086614173,0.971014493,11962.875,11869.41504,12056.33496,280.3798828,0.615558935,0.826325543,0.848350295,0.730320733,0.028037988,0,0,0,4227.950614,22029.84794,36760.91797,-31153.32031,-1.18,0,0,1,2,1,0,1,1,0,1,0,1,47.05882353,41.17647059,11.76470588,2,0.031,0.031,1,0.031,0,0.031,26.66666667,0,0,0,0,0,0,0,0,0,0,0,0,0,0,0,0,0,0,0,0,0,0,HIWhist.model,0,0,0.073333333,0.161333333,0.114666667,0,0.128,0.013333333,0.32,0.173333333,0.016,0,(Fa-Gg-Gm-Pc-Pe-Pm-Sa-Sb-Sc-Sl-Tt-Zc-),
sel.1219.ch02.241003.150901.60.C.624.F.wav,C:\Users\kepar\Desktop\ToTrace\trace_15\Encounter55-sel-Channel0-20241108_155706.wav,57:06.9,57:07.0,55,624b,95703,null,null,null,null,null,null,Ambig,12617.09473,11962.875,0.048,12336.71484,12617.09473,654.2197266,0.586067677,0.112744807,12149.79492,201.8965908,12056.33496,12289.98486,0.053231939,1.0546875,0.977777778,11962.875,12056.33496,12056.33496,163.5549316,0.465964092,0.5825829,0.663525746,0.693992154,0.056075977,0,0,0,4499.924045,25268.80425,33489.81934,-31153.32031,-1.075,0,0,1,2,1,0,2,2,0,0,0,0,66.66666667,33.33333333,0,4,0.016,0.006,2.666666667,0.010666667,0.005033223,0.01,83.33333333,0,0,0,0,0,0,0,0,0,0,0,0,0,0,0,0,0,0,0,0,0,0,HIWhist.model,0,0,0.036,0.216,0.094666667,0,0.177333333,0.022666667,0.258666667,0.162666667,0.032,0,(Fa-Gg-Gm-Pc-Pe-Pm-Sa-Sb-Sc-Sl-Tt-Zc-),
sel.1221.ch02.241003.150902.03.C.625.F.wav,C:\Users\kepar\Desktop\ToTrace\trace_15\Encounter57-sel-Channel0-20241108_155827.wav,58:27.9,58:27.9,57,625b,95703,null,null,null,null,null,null,Ambig,12617.09473,11869.41504,0.054,12243.25488,12617.09473,747.6796875,0.575230022,0.162292538,12064.83132,210.8741117,12056.33496,12243.25488,0.061068702,1.062992126,0.97037037,11869.41504,12056.33496,11962.875,93.45996094,0.332610907,0.615107384,0.680497002,0.721442184,0.009345996,0,0,0,8099.863281,28661.05469,45951.14746,-25701.48926,-1.787878788,0,0,1,1,0,0,2,2,0,0,0,0,60,40,0,4,0.011,0.006,1.833333333,0.009,0.002645751,0.01,74.07407407,0,0,0,0,0,0,0,0,0,0,0,0,0,0,0,0,0,0,0,0,0,0,HIWhist.model,0,0,0.037333333,0.18,0.097333333,0,0.102666667,0.017333333,0.288,0.238666667,0.038666667,0,(Fa-Gg-Gm-Pc-Pe-Pm-Sa-Sb-Sc-Sl-Tt-Zc-),
sel.1223.ch02.241003.150902.52.C.626.F.wav,C:\Users\kepar\Desktop\ToTrace\trace_15\Encounter59-sel-Channel0-20241108_155913.wav,59:13.5,59:13.5,59,626b,95703,null,null,null,null,null,null,Ambig,12897.47461,11962.875,0.048,12523.63477,12897.47461,934.5996094,0.656242423,0.054778995,12224.56289,281.4164109,12149.79492,12430.1748,0.07518797,1.078125,0.971014493,12056.33496,12056.33496,12149.79492,163.5549316,0.590889807,0.673407875,0.702689176,0.682076415,0.084113965,0,0,0,14018.99414,34787.87435,54907.72705,-93459.96094,-0.5875,0,0,1,2,1,0,1,1,2,0,2,0,63.63636364,18.18181818,18.18181818,2,0.037,0.037,1,0.037,0,0.037,41.66666667,0,0,0,0,0,0,0,0,0,0,0,0,0,0,0,0,0,0,0,0,0,0,HIWhist.model,0,0,0.057333333,0.096,0.144,0,0.350666667,0.004,0.121333333,0.210666667,0.016,0,(Fa-Gg-Gm-Pc-Pe-Pm-Sa-Sb-Sc-Sl-Tt-Zc-),
sel.1225.ch02.241003.150902.96.C.627.F.wav,C:\Users\kepar\Desktop\ToTrace\trace_15\Encounter61-sel-Channel0-20241108_160002.wav,00:02.4,00:02.4,61,627b,95703,null,null,null,null,null,null,Ambig,12056.33496,11775.95508,0.043,11869.41504,12056.33496,280.3798828,0.741000703,0.262679961,11869.41504,93.45996094,11869.41504,11916.14502,0.023529412,1.023809524,0.984496124,11775.95508,11775.95508,11962.875,93.45996094,0.455482331,0.878313859,0.896798415,0.876167394,0.009345996,0,0,0,6703.52696,17829.71279,24533.23975,-14834.91443,-1.65375,2,1,0,2,1,0,1,1,0,0,0,0,66.66666667,33.33333333,0,2,0.032,0.032,1,0.032,0,0.032,46.51162791,0,0,0,0,0,0,0,0,0,0,0,0,0,0,0,0,0,0,0,0,0,0,HIWhist.model,0,0,0.24,0.048,0.205333333,0,0.108,0.077333333,0.196,0.113333333,0.012,0,(Fa-Gg-Gm-Pc-Pe-Pm-Sa-Sb-Sc-Sl-Tt-Zc-),
sel.1257.ch02.241003.150935.11.C.643.F.wav,C:\Users\kepar\Desktop\ToTrace\trace_15\Encounter63-sel-Channel0-20241108_160051.wav,00:51.1,00:51.2,63,643b,95703,null,null,null,null,null,null,Sc,12243.25488,11682.49512,0.085,11869.41504,12243.25488,560.7597656,0.225313636,0.03783413,11836.42917,127.7241436,11775.95508,11962.875,0.046875,1.048,0.969465649,11682.49512,11775.95508,11869.41504,93.45996094,0.220138685,0.25877545,0.213171184,0.210462962,0.018691992,0,0,0,4672.998047,17913.15918,30114.8763,-17653.54818,-1.705882353,0,0,1,2,1,0,2,2,0,0,0,0,50,50,0,4,0.037,0.005,7.4,0.021333333,0.016010413,0.022,47.05882353,0,0,0,0,0,0,0,0,0,0,0,0,0,0,0,0,0,0,0,0,0,0,HIWhist.model,0,0,0.058666667,0.084,0.066666667,0,0.062666667,0.058666667,0.433333333,0.16,0.076,0,(Fa-Gg-Gm-Pc-Pe-Pm-Sa-Sb-Sc-Sl-Tt-Zc-),
sel.1259.ch02.241003.150935.36.C.644.F.wav,C:\Users\kepar\Desktop\ToTrace\trace_15\Encounter65-sel-Channel0-20241108_160216.wav,02:16.5,02:16.6,65,644b,95703,null,null,null,null,null,null,Sc,12336.71484,11589.03516,0.123,12056.33496,12336.71484,747.6796875,0.29197292,0.109531439,11873.3092,177.4972735,11869.41504,11962.875,0.0625,1.064516129,0.977272727,11682.49512,11869.41504,11962.875,186.9199219,0.280342446,0.251697026,0.269292992,0.383802572,0.037383984,0,0,0,2234.912109,13341.74805,22391.44897,-25545.72266,-0.87652439,0,0,1,2,1,0,3,3,2,0,2,0,57.69230769,30.76923077,11.53846154,6,0.039,0.005,7.8,0.0204,0.016667333,0.011,48.7804878,0,0,0,0,0,0,0,0,0,0,0,0,0,0,0,0,0,0,0,0,0,0,HIWhist.model,0,0,0.072,0.094666667,0.066666667,0,0.057333333,0.048,0.422666667,0.146666667,0.092,0,(Fa-Gg-Gm-Pc-Pe-Pm-Sa-Sb-Sc-Sl-Tt-Zc-),
sel.1343.ch02.241003.151027.68.C.685.F.wav,C:\Users\kepar\Desktop\ToTrace\trace_15\Encounter67-sel-Channel0-20241108_160315.wav,03:15.0,03:15.1,67,685b,95703,null,null,null,null,null,null,Sc,12990.93457,11775.95508,0.112,11869.41504,12990.93457,1214.979492,0.559806981,0.06764038,12145.54674,291.9743667,12103.06494,12383.44482,0.098113208,1.103174603,0.913669065,11869.41504,12056.33496,12243.25488,350.4748535,0.531124641,0.571749524,0.568114105,0.571587611,0.121497949,0,0,0,9939.392671,17060.1516,28349.52148,-18691.99219,-1.516666667,2,1,0,2,1,0,3,1,0,2,2,0,65,25,10,6,0.043,0.01,4.3,0.0202,0.013479614,0.016,53.57142857,0,0,0,0,0,0,0,0,0,0,0,0,0,0,0,0,0,0,0,0,0,0,HIWhist.model,0,0,0.085333333,0.029333333,0.030666667,0,0.048,0.012,0.494666667,0.277333333,0.022666667,0,(Fa-Gg-Gm-Pc-Pe-Pm-Sa-Sb-Sc-Sl-Tt-Zc-),
sel.1550.ch02.241003.155837.88.C.775.F.wav,C:\Users\kepar\Desktop\ToTrace\trace_15\Encounter69-sel-Channel0-20241108_160418.wav,04:18.9,04:19.0,69,775b,95703,null,null,null,null,null,null,Ambig,13084.39453,11775.95508,0.08,11775.95508,13084.39453,1308.439453,0.568960156,0.172038426,12301.66736,264.069186,12243.25488,12430.1748,0.105263158,1.111111111,0.9,12243.25488,12243.25488,12336.71484,93.45996094,0.561745378,0.513044835,0.496649977,0.751952118,0.084113965,0,0,0,17030.48177,17030.48177,42576.20443,0,0,2,1,0,2,1,0,1,0,2,0,2,0,50,25,25,1,0,0,0,0,0,0,0,0,0,0,0,0,0,0,0,0,0,0,0,0,0,0,0,0,0,0,0,0,0,HIWhist.model,0,0,0.364,0.052,0.081333333,0,0.112,0.030666667,0.178666667,0.142666667,0.038666667,0,(Fa-Gg-Gm-Pc-Pe-Pm-Sa-Sb-Sc-Sl-Tt-Zc-),
sel.1768.ch02.241003.160023.63.C.884.F.wav,C:\Users\kepar\Desktop\ToTrace\trace_15\Encounter71-sel-Channel0-20241108_160514.wav,05:14.5,05:14.7,71,884b,95703,null,null,null,null,null,null,Sc,12804.01465,11589.03516,0.193,12056.33496,12804.01465,1214.979492,0.591099477,0.132221833,11955.29717,243.6922342,11962.875,12196.5249,0.099616858,1.10483871,0.941605839,11775.95508,11869.41504,12149.79492,280.3798828,0.501795061,0.680879809,0.572770036,0.618875715,0.112151953,0,0,0,3782.903181,14736.015,25641.57903,-24644.5016,-1.040458413,0,0,1,2,1,0,4,4,3,0,3,0,53.84615385,30.76923077,15.38461538,8,0.071,0.01,7.1,0.023857143,0.024051532,0.011,41.4507772,0,0,0,0,0,0,0,0,0,0,0,0,0,0,0,0,0,0,0,0,0,0,HIWhist.model,0,0,0.030666667,0.042666667,0.036,0,0.041333333,0.026666667,0.576,0.132,0.114666667,0,(Fa-Gg-Gm-Pc-Pe-Pm-Sa-Sb-Sc-Sl-Tt-Zc-),
sel.2211.ch02.241003.152524.44.C.1120.F.wav,C:\Users\kepar\Desktop\ToTrace\trace_15\Encounter73-sel-Channel0-20241108_160605.wav,06:05.2,06:05.3,73,1120b,95703,null,null,null,null,null,null,Ambig,12617.09473,11682.49512,0.097,12243.25488,12617.09473,934.5996094,0.781731014,0.193033478,11923.52344,235.8530408,11869.41504,12149.79492,0.076923077,1.08,0.97037037,11775.95508,11869.41504,11962.875,186.9199219,0.706237394,0.880209863,0.934252329,0.562347833,0.102805957,0,0,0,4499.924045,18691.99219,34787.87435,-31932.15332,-1.089430894,0,0,1,2,1,0,3,2,1,1,2,0,52.38095238,33.33333333,14.28571429,6,0.027,0.006,4.5,0.0162,0.008228001,0.016,61.8556701,0,0,0,0,0,0,0,0,0,0,0,0,0,0,0,0,0,0,0,0,0,0,HIWhist.model,0,0,0.044,0.156,0.074666667,0,0.149333333,0.029333333,0.274666667,0.234666667,0.037333333,0,(Fa-Gg-Gm-Pc-Pe-Pm-Sa-Sb-Sc-Sl-Tt-Zc-),
sel.2213.ch02.241003.152524.88.C.1121.F.wav,C:\Users\kepar\Desktop\ToTrace\trace_15\Encounter75-sel-Channel0-20241108_160726.wav,07:26.1,07:26.2,75,1121b,95703,null,null,null,null,null,null,Ambig,12523.63477,11869.41504,0.048,12243.25488,12523.63477,654.2197266,0.740263315,0.206371952,12065.68096,204.0483027,12056.33496,12196.5249,0.053639847,1.05511811,0.97761194,11869.41504,11869.41504,12149.79492,233.6499023,0.722035173,0.909935758,0.829242182,0.424117996,0.065421973,0,0,0,4499.924045,25268.80425,44653.09245,-31153.32031,-1.433333333,0,0,1,1,0,0,1,0,0,1,1,0,50,37.5,12.5,2,0.027,0.027,1,0.027,0,0.027,41.66666667,0,0,0,0,0,0,0,0,0,0,0,0,0,0,0,0,0,0,0,0,0,0,HIWhist.model,0,0,0.049333333,0.184,0.132,0,0.137333333,0.016,0.213333333,0.24,0.028,0,(Fa-Gg-Gm-Pc-Pe-Pm-Sa-Sb-Sc-Sl-Tt-Zc-),
sel.2219.ch02.241003.152528.49.C.1124.F.wav,C:\Users\kepar\Desktop\ToTrace\trace_15\Encounter77-sel-Channel0-20241108_161028.wav,10:28.6,10:28.6,77,1124b,95703,null,null,null,null,null,null,Ambig,12243.25488,11682.49512,0.054,12056.33496,12243.25488,560.7597656,0.635606944,0.150065893,11835.4296,173.7084923,11775.95508,11962.875,0.046875,1.048,0.984732824,11682.49512,11682.49512,11775.95508,140.1899414,0.636439076,0.724247696,0.708219228,0.392479192,0.018691992,0,0,0,1869.199219,20561.19141,28037.98828,-31153.32031,-0.9,0,0,1,2,1,0,1,1,1,0,1,0,55.55555556,33.33333333,11.11111111,2,0.038,0.038,1,0.038,0,0.038,37.03703704,0,0,0,0,0,0,0,0,0,0,0,0,0,0,0,0,0,0,0,0,0,0,HIWhist.model,0,0,0.062666667,0.108,0.057333333,0,0.144,0.028,0.354666667,0.181333333,0.064,0,(Fa-Gg-Gm-Pc-Pe-Pm-Sa-Sb-Sc-Sl-Tt-Zc-),
sel.2247.ch02.241003.152541.59.C.1138.F.wav,C:\Users\kepar\Desktop\ToTrace\trace_15\Encounter79-sel-Channel0-20241108_161212.wav,12:12.1,12:12.1,79,1138b,95703,null,null,null,null,null,null,Ambig,12336.71484,11775.95508,0.037,12149.79492,12336.71484,560.7597656,0.626646368,0.092317067,11962.875,205.9757219,11916.14502,12056.33496,0.046511628,1.047619048,0.984848485,11869.41504,11775.95508,11962.875,303.744873,0.597300791,0.731924522,0.606300279,0.54481897,0.028037988,0,0,0,3115.332031,24477.60882,32191.76432,-37383.98438,-0.861111111,0,0,1,2,1,0,1,0,0,1,1,0,50,37.5,12.5,2,0.017,0.017,1,0.017,0,0.017,54.05405405,0,0,0,0,0,0,0,0,0,0,0,0,0,0,0,0,0,0,0,0,0,0,HIWhist.model,0,0,0.045333333,0.185333333,0.093333333,0,0.152,0.034666667,0.270666667,0.188,0.030666667,0,(Fa-Gg-Gm-Pc-Pe-Pm-Sa-Sb-Sc-Sl-Tt-Zc-),
sel.2253.ch02.241003.152544.62.C.1141.F.wav,C:\Users\kepar\Desktop\ToTrace\trace_15\Encounter81-sel-Channel0-20241108_161335.wav,13:35.5,13:35.5,81,1141b,95703,null,null,null,null,null,null,Ambig,12149.79492,10187.13574,0.043,10187.13574,12149.79492,1962.65918,0.649363661,0.266153021,11256.73307,512.1382248,11308.65527,11168.46533,0.175732218,1.19266055,0.838461538,11028.27539,11402.11523,11308.65527,280.3798828,0.325142566,0.758958733,0.895067332,0.780396563,0,0,0,0,44393.48145,49066.47949,62306.64063,-18691.99219,-3.333333333,2,1,0,2,1,0,2,1,0,0,0,0,83.33333333,16.66666667,0,3,0.011,0.005,2.2,0.008,0.004242641,0.008,69.76744186,0,0,0,0,0,0,0,0,0,0,0,0,0,0,0,0,0,0,0,0,0,0,HIWhist.model,0,0,0.081333333,0.041333333,0.204,0,0.233333333,0.004,0.24,0.165333333,0.030666667,0,(Fa-Gg-Gm-Pc-Pe-Pm-Sa-Sb-Sc-Sl-Tt-Zc-),
sel.2491.ch02.241003.152845.47.C.1260.F.wav,C:\Users\kepar\Desktop\ToTrace\trace_15\Encounter83-sel-Channel0-20241108_161443.wav,14:43.5,14:43.6,83,1260b,95703,null,null,null,null,null,null,Ambig,12056.33496,10374.05566,0.08,10374.05566,12056.33496,1682.279297,0.39799651,0.086434441,11372.909,381.1192088,11355.38525,11215.19531,0.15,1.162162162,0.860465116,11121.73535,11308.65527,11589.03516,397.204834,0.301080029,0.39396305,0.473940574,0.463643174,0.093459961,0,0,0,22222.70182,24299.58984,34891.71875,-15576.66016,-2.24,2,1,0,2,1,0,1,0,1,0,1,0,85.71428571,7.142857143,7.142857143,1,0,0,0,0,0,0,0,0,0,0,0,0,0,0,0,0,0,0,0,0,0,0,0,0,0,0,0,0,0,HIWhist.model,0,0,0.073333333,0.029333333,0.230666667,0,0.217333333,0.008,0.264,0.153333333,0.024,0,(Fa-Gg-Gm-Pc-Pe-Pm-Sa-Sb-Sc-Sl-Tt-Zc-),
sel.2493.ch02.241003.152845.94.C.1261.F.wav,C:\Users\kepar\Desktop\ToTrace\trace_15\Encounter85-sel-Channel0-20241108_161544.wav,15:44.3,15:44.5,85,1261b,95703,null,null,null,null,null,null,Ambig,13084.39453,10747.89551,0.145,10747.89551,13084.39453,2336.499023,0.557357511,0.112132516,12096.38923,362.797834,12056.33496,11916.14502,0.196078431,1.217391304,0.821428571,11962.875,12056.33496,12149.79492,186.9199219,0.456905984,0.503348373,0.629444306,0.670202283,0.121497949,0,0,0,15345.89482,21807.32422,41797.37142,-17445.85938,-2.395833333,2,1,0,2,1,0,3,2,2,1,2,1,56.66666667,30,13.33333333,7,0.065,0.01,6.5,0.0215,0.021482551,0.014,48.27586207,0,0,0,0,0,0,0,0,0,0,0,0,0,0,0,0,0,0,0,0,0,0,HIWhist.model,0,0,0.104,0.028,0.206666667,0,0.110666667,0.016,0.134666667,0.185333333,0.214666667,0,(Fa-Gg-Gm-Pc-Pe-Pm-Sa-Sb-Sc-Sl-Tt-Zc-),
sel.2529.ch02.241003.152906.45.C.1279.F.wav,C:\Users\kepar\Desktop\ToTrace\trace_15\Encounter87-sel-Channel0-20241108_161641.wav,16:41.4,16:41.4,87,1279b,95703,null,null,null,null,null,null,Ambig,13271.31445,11589.03516,0.055,11589.03516,13271.31445,1682.279297,0.734761493,0.161332192,11971.37136,502.3497599,11869.41504,12430.1748,0.135338346,1.14516129,0.873239437,11682.49512,11869.41504,11869.41504,233.6499023,0.618780625,0.846126395,0.785852284,0.665049255,0.074767969,0,0,0,29684.66378,32799.99581,52070.54967,-15576.66016,-3.342857143,2,1,0,2,1,0,1,0,1,0,1,0,77.77777778,11.11111111,11.11111111,1,0,0,0,0,0,0,0,0,0,0,0,0,0,0,0,0,0,0,0,0,0,0,0,0,0,0,0,0,0,HIWhist.model,0,0,0.093333333,0.04,0.138666667,0,0.226666667,0.009333333,0.176,0.286666667,0.029333333,0,(Fa-Gg-Gm-Pc-Pe-Pm-Sa-Sb-Sc-Sl-Tt-Zc-),
sel.2531.ch02.241003.152906.86.C.1280.F.wav,C:\Users\kepar\Desktop\ToTrace\trace_15\Encounter89-sel-Channel0-20241108_161755.wav,17:55.1,17:55.1,89,1280b,95703,null,null,null,null,null,null,Ambig,12804.01465,11308.65527,0.08,11402.11523,12804.01465,1495.359375,0.625485849,0.173330071,11799.32007,365.172199,11775.95508,12056.33496,0.124031008,1.132231405,0.890510949,11495.5752,11775.95508,12056.33496,490.6647949,0.737471563,0.598056301,0.669414288,0.416844472,0.130843945,0,0,0,18276.61458,22845.76823,38552.23389,-17134.32617,-2.25,2,1,0,2,1,0,1,1,2,0,2,0,73.33333333,13.33333333,13.33333333,2,0.069,0.069,1,0.069,0,0.069,25,0,0,0,0,0,0,0,0,0,0,0,0,0,0,0,0,0,0,0,0,0,0,HIWhist.model,0,0,0.065333333,0.029333333,0.069333333,0,0.22,0.004,0.24,0.346666667,0.025333333,0,(Fa-Gg-Gm-Pc-Pe-Pm-Sa-Sb-Sc-Sl-Tt-Zc-),
sel.2533.ch02.241003.152907.82.C.1281.F.wav,C:\Users\kepar\Desktop\replacement_traces\Encounter17-sel-Channel0-20241112_163036.wav,30:36.9,30:37.0,17,1281b,95703,null,null,null,null,null,null,Sc,12523.63477,11495.5752,0.074,11775.95508,12523.63477,1028.05957,0.44686521,0.107571584,11757.26309,247.7759367,11775.95508,12009.60498,0.085603113,1.089430894,0.940298507,11589.03516,11682.49512,11775.95508,186.9199219,0.400040591,0.523445269,0.371946148,0.507083373,0.028037988,0,0,0,10458.61468,18469.46847,33749.43034,-28037.98828,-1.203703704,0,0,1,2,1,0,1,1,2,0,2,0,55,25,20,2,0.059,0.059,1,0.059,0,0.059,27.02702703,0,0,0,0,0,0,0,0,0,0,0,0,0,0,0,0,0,0,0,0,0,0,HIWhist.model,0,0,0.077333333,0.045333333,0.076,0,0.16,0.012,0.421333333,0.190666667,0.017333333,0,(Fa-Gg-Gm-Pc-Pe-Pm-Sa-Sb-Sc-Sl-Tt-Zc-),
sel.2707.ch02.241003.153115.44.C.1370.F.wav,C:\Users\kepar\Desktop\ToTrace\trace_15\Encounter92-sel-Channel0-20241108_162000.wav,20:00.5,20:00.7,92,1370b,95703,null,null,null,null,null,null,Sc,12430.1748,11308.65527,0.15,11775.95508,12430.1748,1121.519531,0.439549915,0.057338794,11705.05442,231.1736734,11775.95508,11869.41504,0.094488189,1.099173554,0.947368421,11495.5752,11775.95508,11775.95508,186.9199219,0.387951573,0.448772832,0.478667232,0.450179213,0.093459961,0,0,0,5030.625448,18000.57921,26869.73877,-22697.41908,-1.183823529,0,0,1,2,1,0,4,4,1,0,1,0,61.9047619,33.33333333,4.761904762,8,0.044,0.005,8.8,0.019142857,0.015137465,0.011,53.33333333,0,0,0,0,0,0,0,0,0,0,0,0,0,0,0,0,0,0,0,0,0,0,HIWhist.model,0,0,0.034666667,0.068,0.044,0,0.061333333,0.018666667,0.542666667,0.101333333,0.129333333,0,(Fa-Gg-Gm-Pc-Pe-Pm-Sa-Sb-Sc-Sl-Tt-Zc-),
sel.2831.ch02.241003.153334.48.C.1432.F.wav,C:\Users\kepar\Desktop\ToTrace\trace_15\Encounter94-sel-Channel0-20241108_162102.wav,21:02.7,21:02.8,94,1432b,95703,null,null,null,null,null,null,Sl,12617.09473,11682.49512,0.096,11962.875,12617.09473,934.5996094,0.708434008,0.198041362,11898.92871,260.7453473,11869.41504,12149.79492,0.076923077,1.08,0.948148148,11682.49512,11775.95508,11962.875,327.1098633,0.499150866,0.824957549,0.760963557,0.75872157,0.093459961,0,0,0,6749.886068,12980.55013,25367.70368,-56075.97656,-0.452380952,0,0,1,2,1,0,1,0,0,1,1,0,55.17241379,24.13793103,20.68965517,2,0.053,0.053,1,0.053,0,0.053,20.83333333,0,0,0,0,0,0,0,0,0,0,0,0,0,0,0,0,0,0,0,0,0,0,HIWhist.model,0,0,0.045333333,0.066666667,0.058666667,0,0.077333333,0.004,0.265333333,0.445333333,0.037333333,0,(Fa-Gg-Gm-Pc-Pe-Pm-Sa-Sb-Sc-Sl-Tt-Zc-),
sel.2905.ch02.241003.162927.84.C.2461.F.wav,C:\Users\kepar\Desktop\ToTrace\trace_15\Encounter96-sel-Channel0-20241108_162304.wav,23:04.5,23:04.7,96,2461b,95703,null,null,null,null,null,null,Sc,12617.09473,10560.97559,0.225,11121.73535,12617.09473,2056.119141,0.636227462,0.133139992,11271.70599,409.490323,11308.65527,11589.03516,0.177419355,1.194690265,0.881481481,10841.35547,11308.65527,11402.11523,514.0297852,0.55219134,0.583830032,0.681757177,0.736221681,0.224303906,0,0,0,6400.205942,15449.50375,25491.32797,-23754.40674,-1.073119958,0,0,1,2,1,0,2,4,6,0,4,2,62.22222222,24.44444444,13.33333333,8,0.091,0.006,15.16666667,0.029142857,0.030948498,0.011,35.55555556,0,0,0,0,0,0,0,0,0,0,0,0,0,0,0,0,0,0,0,0,0,0,HIWhist.model,0,0,0.046666667,0.033333333,0.030666667,0,0.026666667,0.021333333,0.462666667,0.190666667,0.188,0,(Fa-Gg-Gm-Pc-Pe-Pm-Sa-Sb-Sc-Sl-Tt-Zc-),
sel.2907.ch02.241003.162928.88.C.2462.F.wav,C:\Users\kepar\Desktop\ToTrace\trace_15\Encounter98-sel-Channel0-20241108_162424.wav,24:25.0,24:25.0,98,2462b,95703,null,null,null,null,null,null,Sc,12056.33496,11308.65527,0.049,11682.49512,12056.33496,747.6796875,0.732753778,0.239867716,11504.92119,239.090317,11402.11523,11682.49512,0.064,1.066115702,0.968992248,11308.65527,11402.11523,11495.5752,303.744873,0.451101711,0.880801001,0.831476194,0.834438628,0.074767969,0,0,0,8010.853795,25219.35454,29907.1875,-25812.75112,-1.15862069,0,0,1,2,1,0,1,1,0,0,0,0,66.66666667,33.33333333,0,2,0.033,0.033,1,0.033,0,0.033,40.81632653,0,0,0,0,0,0,0,0,0,0,0,0,0,0,0,0,0,0,0,0,0,0,HIWhist.model,0,0,0.028,0.097333333,0.078666667,0,0.104,0.004,0.509333333,0.162666667,0.016,0,(Fa-Gg-Gm-Pc-Pe-Pm-Sa-Sb-Sc-Sl-Tt-Zc-),
sel.2911.ch02.241003.162929.66.C.2464.F.wav,C:\Users\kepar\Desktop\ToTrace\trace_15\Encounter100-sel-Channel0-20241108_162653.wav,26:53.0,26:53.1,100,2464b,95703,null,null,null,null,null,null,Ambig,11962.875,11028.27539,0.091,11682.49512,11962.875,934.5996094,0.579186961,0.159845038,11454.03743,268.6293225,11402.11523,11495.5752,0.081300813,1.084745763,0.9765625,11215.19531,11402.11523,11402.11523,303.744873,0.475585943,0.539158488,0.591882872,0.746027915,0.065421973,0,0,0,2290.685317,22265.46128,26090.90576,-42446.39893,-0.614678899,0,0,1,2,1,0,1,1,1,0,1,0,58.82352941,23.52941176,17.64705882,2,0.075,0.075,1,0.075,0,0.075,21.97802198,0,0,0,0,0,0,0,0,0,0,0,0,0,0,0,0,0,0,0,0,0,0,HIWhist.model,0,0,0.061333333,0.041333333,0.093333333,0,0.204,0.010666667,0.298666667,0.24,0.050666667,0,(Fa-Gg-Gm-Pc-Pe-Pm-Sa-Sb-Sc-Sl-Tt-Zc-),
sel.2913.ch02.241003.162930.01.C.2465.F.wav,C:\Users\kepar\Desktop\ToTrace\trace_15\Encounter102-sel-Channel0-20241108_162809.wav,28:09.6,28:09.7,102,2465b,95703,null,null,null,null,null,null,Ambig,12804.01465,11215.19531,0.122,11495.5752,12804.01465,1588.819336,0.58176882,0.107227377,11694.17761,455.6238215,11542.30518,12009.60498,0.13229572,1.141666667,0.897810219,11308.65527,11682.49512,11775.95508,514.0297852,0.462653955,0.565130541,0.702246562,0.623922275,0.121497949,0,0,0,11155.21066,24971.03097,31957.82913,-22697.41908,-1.407993967,0,0,1,2,1,0,1,0,0,1,1,0,71.42857143,21.42857143,7.142857143,2,0.101,0.101,1,0.101,0,0.101,16.39344262,0,0,0,0,0,0,0,0,0,0,0,0,0,0,0,0,0,0,0,0,0,0,HIWhist.model,0,0,0.050666667,0.044,0.065333333,0,0.109333333,0.008,0.376,0.308,0.038666667,0,(Fa-Gg-Gm-Pc-Pe-Pm-Sa-Sb-Sc-Sl-Tt-Zc-),
sel.2915.ch02.241003.162931.17.C.2466.F.wav,C:\Users\kepar\Desktop\ToTrace\trace_15\Encounter104-sel-Channel0-20241108_162922.wav,29:23.0,29:23.1,104,2466b,95703,null,null,null,null,null,null,Sc,12149.79492,11121.73535,0.08,11589.03516,12149.79492,1028.05957,0.281000254,0.127982597,11384.59149,269.1879433,11355.38525,11635.76514,0.088353414,1.092436975,0.953846154,11121.73535,11215.19531,11402.11523,233.6499023,0.229031775,0.350337027,0.309236778,0.237516654,0.102805957,0,0,0,7105.924014,21970.50828,31153.32031,-27871.09549,-1.117764471,0,0,1,2,1,0,1,1,1,0,1,0,64.28571429,28.57142857,7.142857143,2,0.048,0.048,1,0.048,0,0.048,25,0,0,0,0,0,0,0,0,0,0,0,0,0,0,0,0,0,0,0,0,0,0,HIWhist.model,0,0,0.028,0.056,0.056,0,0.110666667,0.006666667,0.536,0.198666667,0.008,0,(Fa-Gg-Gm-Pc-Pe-Pm-Sa-Sb-Sc-Sl-Tt-Zc-),
sel.2917.ch02.241003.162931.54.C.2467.F.wav,C:\Users\kepar\Desktop\ToTrace\trace_15\Encounter106-sel-Channel0-20241108_163039.wav,30:39.1,30:39.2,106,2467b,95703,null,null,null,null,null,null,Ambig,12430.1748,11682.49512,0.048,12149.79492,12430.1748,747.6796875,0.363057079,0.144134965,11832.03105,253.8565539,11729.2251,12056.33496,0.062015504,1.064,0.977443609,11682.49512,11682.49512,11682.49512,93.45996094,0.27972194,0.281757222,0.594366193,0.378700462,0.074767969,0,0,0,7615.256076,29768.7283,56075.97656,-33230.20833,-1.6875,0,0,1,2,1,0,1,0,0,1,1,0,40,40,20,2,0.02,0.02,1,0.02,0,0.02,41.66666667,0,0,0,0,0,0,0,0,0,0,0,0,0,0,0,0,0,0,0,0,0,0,HIWhist.model,0,0,0.070666667,0.134666667,0.172,0,0.192,0.014666667,0.181333333,0.186666667,0.048,0,(Fa-Gg-Gm-Pc-Pe-Pm-Sa-Sb-Sc-Sl-Tt-Zc-),
sel.2919.ch02.241003.162931.78.C.2468.F.wav,C:\Users\kepar\Desktop\ToTrace\trace_15\Encounter108-sel-Channel0-20241108_163145.wav,31:45.0,31:45.1,108,2468b,95703,null,null,null,null,null,null,Ambig,12336.71484,11402.11523,0.112,12056.33496,12336.71484,934.5996094,0.533220834,0.077628923,11640.01332,240.8420333,11589.03516,11869.41504,0.078740157,1.081967213,0.977272727,11402.11523,11589.03516,11682.49512,186.9199219,0.582436203,0.527234527,0.481641511,0.532925284,0.102805957,0,0,0,3115.332031,17060.1516,30263.22545,-36605.15137,-0.82674772,0,0,1,2,1,0,1,0,2,1,3,0,46.66666667,33.33333333,20,2,0.069,0.069,1,0.069,0,0.069,17.85714286,0,0,0,0,0,0,0,0,0,0,0,0,0,0,0,0,0,0,0,0,0,0,HIWhist.model,0,0,0.069333333,0.050666667,0.097333333,0,0.234666667,0.038666667,0.282666667,0.165333333,0.061333333,0,(Fa-Gg-Gm-Pc-Pe-Pm-Sa-Sb-Sc-Sl-Tt-Zc-),
sel.2921.ch02.241003.162932.11.C.2469.F.wav,C:\Users\kepar\Desktop\ToTrace\trace_15\Encounter110-sel-Channel0-20241108_163318.wav,33:18.2,33:18.3,110,2469b,95703,null,null,null,null,null,null,Ambig,12056.33496,11215.19531,0.112,11962.875,12056.33496,841.1396484,0.490021273,0.109629013,11499.82338,212.8818445,11495.5752,11635.76514,0.072289157,1.075,0.992248062,11495.5752,11308.65527,11495.5752,257.0148926,0.44932397,0.433021635,0.481346766,0.615932109,0.112151953,0,0,0,190.7346142,19476.12338,22944.66766,-33749.43034,-0.67985348,0,0,1,2,1,0,2,1,0,1,1,0,64.70588235,29.41176471,5.882352941,4,0.048,0.011,4.363636364,0.032,0.019,0.037,35.71428571,0,0,0,0,0,0,0,0,0,0,0,0,0,0,0,0,0,0,0,0,0,0,HIWhist.model,0,0,0.048,0.130666667,0.070666667,0,0.093333333,0.022666667,0.352,0.237333333,0.045333333,0,(Fa-Gg-Gm-Pc-Pe-Pm-Sa-Sb-Sc-Sl-Tt-Zc-),
sel.2923.ch02.241003.162932.46.C.2470.F.wav,C:\Users\kepar\Desktop\ToTrace\trace_15\Encounter112-sel-Channel0-20241108_163503.wav,35:03.3,35:03.4,112,2470b,95703,null,null,null,null,null,null,Ambig,12243.25488,11308.65527,0.134,11962.875,12243.25488,934.5996094,0.613415025,0.065646013,11671.71128,229.4276214,11682.49512,11775.95508,0.079365079,1.082644628,0.977099237,11402.11523,11682.49512,11775.95508,280.3798828,0.600423746,0.641632344,0.607004948,0.602061387,0.074767969,0,0,0,2305.345703,16511.25977,21382.50621,-29595.6543,-0.722488038,0,0,1,2,1,0,2,1,1,1,2,0,53.57142857,28.57142857,17.85714286,4,0.047,0.012,3.916666667,0.033666667,0.018929694,0.042,29.85074627,0,0,0,0,0,0,0,0,0,0,0,0,0,0,0,0,0,0,0,0,0,0,HIWhist.model,0,0,0.054666667,0.089333333,0.072,0,0.070666667,0.030666667,0.324,0.202666667,0.156,0,(Fa-Gg-Gm-Pc-Pe-Pm-Sa-Sb-Sc-Sl-Tt-Zc-),
sel.2925.ch02.241003.162932.85.C.2471.F.wav,C:\Users\kepar\Desktop\ToTrace\trace_15\Encounter114-sel-Channel0-20241108_163619.wav,36:19.7,36:19.8,114,2471b,95703,null,null,null,null,null,null,Ambig,11775.95508,10841.35547,0.139,11682.49512,11775.95508,934.5996094,0.612919489,0.078856851,11291.34787,252.6971611,11308.65527,11308.65527,0.082644628,1.086206897,0.992063492,11028.27539,11121.73535,11495.5752,420.5698242,0.544777479,0.599896817,0.642417889,0.673196819,0.121497949,0,0,0,872.9776571,17408.20152,21605.02993,-23884.21224,-0.904573687,0,0,1,2,1,0,2,2,0,1,0,1,50,45.45454545,4.545454545,4,0.048,0.01,4.8,0.028333333,0.019035055,0.027,28.77697842,0,0,0,0,0,0,0,0,0,0,0,0,0,0,0,0,0,0,0,0,0,0,HIWhist.model,0,0,0.052,0.158666667,0.090666667,0,0.094666667,0.078666667,0.236,0.166666667,0.122666667,0,(Fa-Gg-Gm-Pc-Pe-Pm-Sa-Sb-Sc-Sl-Tt-Zc-),
sel.2927.ch02.241003.162933.22.C.2472.F.wav,C:\Users\kepar\Desktop\ToTrace\trace_15\Encounter116-sel-Channel0-20241108_163717.wav,37:17.6,37:17.7,116,2472b,95703,null,null,null,null,null,null,Ambig,12336.71484,11308.65527,0.14,11775.95508,12336.71484,1028.05957,0.468913542,0.0865604,11568.26628,227.9487863,11495.5752,11822.68506,0.086956522,1.090909091,0.954545455,11402.11523,11402.11523,11589.03516,233.6499023,0.463196418,0.476175412,0.452624097,0.48611569,0.074767969,0,0,0,3774.344576,12161.77697,29595.6543,-27259.15527,-1.085714286,0,0,1,2,1,0,1,0,3,1,4,0,46.15384615,33.33333333,20.51282051,2,0.091,0.091,1,0.091,0,0.091,14.28571429,0,0,0,0,0,0,0,0,0,0,0,0,0,0,0,0,0,0,0,0,0,0,HIWhist.model,0,0,0.116,0.097333333,0.106666667,0,0.193333333,0.033333333,0.184,0.124,0.145333333,0,(Fa-Gg-Gm-Pc-Pe-Pm-Sa-Sb-Sc-Sl-Tt-Zc-),
sel.2929.ch02.241003.162935.31.C.2473.F.wav,C:\Users\kepar\Desktop\ToTrace\trace_15\Encounter118-sel-Channel0-20241108_163823.wav,38:23.6,38:23.6,118,2473b,95703,null,null,null,null,null,null,Ambig,11495.5752,11308.65527,0.079,11402.11523,11495.5752,186.9199219,0.505647552,0.134930184,11390.43274,89.48110009,11355.38525,11402.11523,0.016393443,1.016528926,0.991869919,11308.65527,11308.65527,11495.5752,186.9199219,0.556648051,0.594298208,0.370777472,0.48227262,0.018691992,0,0,0,726.9108073,3842.242839,17134.32617,-23364.99023,-0.733333333,0,0,1,1,0,0,0,0,1,1,1,1,38.23529412,32.35294118,29.41176471,2,0.037,0.037,1,0.037,0,0.037,25.3164557,0,0,0,0,0,0,0,0,0,0,0,0,0,0,0,0,0,0,0,0,0,0,HIWhist.model,0,0,0.126666667,0.130666667,0.164,0,0.148,0.098666667,0.14,0.076,0.116,0,(Fa-Gg-Gm-Pc-Pe-Pm-Sa-Sb-Sc-Sl-Tt-Zc-),
sel.2931.ch02.241003.162935.71.C.2474.F.wav,C:\Users\kepar\Desktop\ToTrace\trace_15\Encounter120-sel-Channel0-20241108_164017.wav,40:17.2,40:17.3,120,2474b,95703,null,null,null,null,null,null,Ambig,11775.95508,11308.65527,0.069,11775.95508,11495.5752,467.2998047,0.447104584,0.053118643,11442.1695,119.9915127,11402.11523,11542.30518,0.04048583,1.041322314,1.024390244,11402.11523,11308.65527,11495.5752,93.45996094,0.411364533,0.434081927,0.46308127,0.496144843,0.037383984,0,0,0,-4245.067823,14926.20622,17356.84989,-24922.65625,-0.696428571,0,0,1,0,0,1,0,1,1,0,0,1,36.36363636,54.54545455,9.090909091,2,0.021,0.021,1,0.021,0,0.021,28.98550725,0,0,0,0,0,0,0,0,0,0,0,0,0,0,0,0,0,0,0,0,0,0,HIWhist.model,0,0,0.085333333,0.129333333,0.189333333,0,0.061333333,0.132,0.182666667,0.125333333,0.094666667,0,(Fa-Gg-Gm-Pc-Pe-Pm-Sa-Sb-Sc-Sl-Tt-Zc-),
sel.2933.ch02.241003.162936.04.C.2475.F.wav,C:\Users\kepar\Desktop\ToTrace\trace_15\Encounter122-sel-Channel0-20241108_164146.wav,41:46.4,41:46.6,122,2475b,95703,null,null,null,null,null,null,Sc,12710.55469,11215.19531,0.113,11495.5752,12710.55469,1495.359375,0.478256481,0.070411729,11652.75786,357.2105865,11589.03516,11962.875,0.125,1.133333333,0.904411765,11308.65527,11589.03516,11869.41504,514.0297852,0.500957613,0.46456784,0.437375278,0.508322697,0.149535938,0,0,0,10236.09096,14983.26358,24073.02024,-24922.65625,-0.965909091,0,0,1,2,1,0,1,1,1,0,1,0,80.95238095,14.28571429,4.761904762,2,0.091,0.091,1,0.091,0,0.091,17.69911504,0,0,0,0,0,0,0,0,0,0,0,0,0,0,0,0,0,0,0,0,0,0,HIWhist.model,0,0,0.045333333,0.085333333,0.018666667,0,0.042666667,0.001333333,0.437333333,0.345333333,0.024,0,(Fa-Gg-Gm-Pc-Pe-Pm-Sa-Sb-Sc-Sl-Tt-Zc-),
sel.2935.ch02.241003.162940.30.C.2476.F.wav,C:\Users\kepar\Desktop\ToTrace\trace_15\Encounter124-sel-Channel0-20241108_164249.wav,42:49.9,42:50.0,124,2476b,95703,null,null,null,null,null,null,Ambig,11682.49512,11308.65527,0.076,11589.03516,11682.49512,373.8398438,0.366728734,0.04338786,11402.11523,117.1582613,11402.11523,11495.5752,0.032520325,1.033057851,0.992,11402.11523,11308.65527,11308.65527,140.1899414,0.360423277,0.356752851,0.39262489,0.353908978,0.018691992,0,0,0,1112.618583,8233.377511,21807.32422,-16615.10417,-1.3125,0,0,1,2,1,0,1,0,0,1,1,0,39.13043478,39.13043478,21.73913043,2,0.022,0.022,1,0.022,0,0.022,26.31578947,0,0,0,0,0,0,0,0,0,0,0,0,0,0,0,0,0,0,0,0,0,0,HIWhist.model,0,0,0.086666667,0.108,0.154666667,0,0.148,0.106666667,0.214666667,0.101333333,0.08,0,(Fa-Gg-Gm-Pc-Pe-Pm-Sa-Sb-Sc-Sl-Tt-Zc-),
sel.2937.ch02.241003.162940.71.C.2477.F.wav,C:\Users\kepar\Desktop\ToTrace\trace_15\Encounter126-sel-Channel0-20241108_164344.wav,43:44.4,43:44.4,126,2477b,95703,null,null,null,null,null,null,Ambig,11962.875,11495.5752,0.064,11775.95508,11962.875,467.2998047,0.364917019,0.0576464,11624.9813,145.4819776,11589.03516,11729.2251,0.039840637,1.040650407,0.984375,11495.5752,11495.5752,11682.49512,186.9199219,0.430652089,0.370188405,0.331930668,0.304985222,0.04672998,0,0,0,3374.943034,11682.49512,22586.15723,-24922.65625,-0.90625,0,0,1,2,1,0,1,0,0,1,1,0,52.94117647,29.41176471,17.64705882,2,0.032,0.032,1,0.032,0,0.032,31.25,0,0,0,0,0,0,0,0,0,0,0,0,0,0,0,0,0,0,0,0,0,0,HIWhist.model,0,0,0.06,0.096,0.105333333,0,0.097333333,0.042666667,0.306666667,0.222666667,0.069333333,0,(Fa-Gg-Gm-Pc-Pe-Pm-Sa-Sb-Sc-Sl-Tt-Zc-),
sel.2941.ch02.241003.153435.79.C.1487.F.wav,C:\Users\kepar\Desktop\ToTrace\trace_15\Encounter128-sel-Channel0-20241108_164439.wav,44:39.5,44:39.5,128,1487b,95703,null,null,null,null,null,null,Sc,12336.71484,11775.95508,0.08,11962.875,12336.71484,560.7597656,0.50547703,0.265634893,11892.78003,146.7847129,11869.41504,12056.33496,0.046511628,1.047619048,0.96969697,11775.95508,11775.95508,11869.41504,186.9199219,0.320412942,0.414869695,0.54754395,0.878637731,0.056075977,0,0,0,4776.842448,9345.996094,26480.32227,-17134.32617,-1.545454545,0,0,1,2,1,0,1,0,1,1,2,0,46.15384615,30.76923077,23.07692308,2,0.043,0.043,1,0.043,0,0.043,25,0,0,0,0,0,0,0,0,0,0,0,0,0,0,0,0,0,0,0,0,0,0,HIWhist.model,0,0,0.070666667,0.08,0.064,0,0.078666667,0.065333333,0.418666667,0.178666667,0.044,0,(Fa-Gg-Gm-Pc-Pe-Pm-Sa-Sb-Sc-Sl-Tt-Zc-),
sel.2941.ch02.241003.162946.64.C.2479.F.wav,C:\Users\kepar\Desktop\ToTrace\trace_15\Encounter130-sel-Channel0-20241108_164544.wav,45:44.5,45:44.5,130,2479b,95703,null,null,null,null,null,null,Ambig,11682.49512,11402.11523,0.042,11682.49512,11495.5752,280.3798828,0.125797621,0.01047895,11485.19076,86.72717331,11495.5752,11542.30518,0.024291498,1.024590164,1.016260163,11495.5752,11402.11523,11495.5752,93.45996094,0.12829596,0.117900518,0.131232364,0.124512471,0.009345996,0,0,0,-4672.998047,9345.996094,18691.99219,-28037.98828,-0.666666667,0,0,1,2,1,0,0,0,1,1,1,1,38.46153846,38.46153846,23.07692308,2,0.021,0.021,1,0.021,0,0.021,47.61904762,0,0,0,0,0,0,0,0,0,0,0,0,0,0,0,0,0,0,0,0,0,0,HIWhist.model,0,0,0.090666667,0.145333333,0.177333333,0,0.073333333,0.138666667,0.124,0.114666667,0.136,0,(Fa-Gg-Gm-Pc-Pe-Pm-Sa-Sb-Sc-Sl-Tt-Zc-),
sel.2943.ch02.241003.153436.14.C.1488.F.wav,C:\Users\kepar\Desktop\ToTrace\trace_15\Encounter132-sel-Channel0-20241108_164643.wav,46:43.3,46:43.4,132,1488b,95703,null,null,null,null,null,null,Ambig,12430.1748,11775.95508,0.107,12243.25488,12430.1748,654.2197266,0.692951073,0.219259871,11971.77595,164.3002772,11962.875,12103.06494,0.054054054,1.055555556,0.984962406,11775.95508,11962.875,11962.875,186.9199219,0.531188379,0.833085526,0.658483059,0.781399866,0.028037988,0,0,0,1869.199219,14330.52734,26999.54427,-31153.32031,-0.866666667,0,0,1,1,0,0,2,1,2,1,3,0,46.42857143,32.14285714,21.42857143,4,0.069,0.005,13.8,0.026666667,0.036665151,0.006,37.38317757,0,0,0,0,0,0,0,0,0,0,0,0,0,0,0,0,0,0,0,0,0,0,HIWhist.model,0,0,0.064,0.085333333,0.1,0,0.092,0.070666667,0.329333333,0.170666667,0.088,0,(Fa-Gg-Gm-Pc-Pe-Pm-Sa-Sb-Sc-Sl-Tt-Zc-),
sel.2943.ch02.241003.162946.94.C.2480.F.wav,C:\Users\kepar\Desktop\ToTrace\trace_15\Encounter134-sel-Channel0-20241108_164749.wav,47:49.2,47:49.2,134,2480b,95703,null,null,null,null,null,null,Sc,11869.41504,11308.65527,0.07,11495.5752,11869.41504,560.7597656,0.267824179,0.066957737,11462.19664,162.3215097,11402.11523,11589.03516,0.048387097,1.049586777,0.968503937,11308.65527,11402.11523,11495.5752,163.5549316,0.34694731,0.221103725,0.2359975,0.25644729,0.037383984,0,0,0,5511.741286,10783.84165,21184.25781,-17134.32617,-1.236363636,0,0,1,2,1,0,1,0,1,1,2,0,55.55555556,27.77777778,16.66666667,2,0.043,0.043,1,0.043,0,0.043,28.57142857,0,0,0,0,0,0,0,0,0,0,0,0,0,0,0,0,0,0,0,0,0,0,HIWhist.model,0,0,0.082666667,0.06,0.08,0,0.06,0.012,0.432,0.254666667,0.018666667,0,(Fa-Gg-Gm-Pc-Pe-Pm-Sa-Sb-Sc-Sl-Tt-Zc-),
sel.2945.ch02.241003.153436.81.C.1489.F.wav,C:\Users\kepar\Desktop\ToTrace\trace_15\Encounter136-sel-Channel0-20241108_164859.wav,48:59.9,49:00.0,136,1489b,95703,null,null,null,null,null,null,Sc,12430.1748,11682.49512,0.064,11962.875,12430.1748,747.6796875,0.774341666,0.160968656,11905.36118,192.8178943,11869.41504,12056.33496,0.062015504,1.064,0.962406015,11775.95508,11775.95508,11962.875,186.9199219,0.771477995,0.958227423,0.678486082,0.690129718,0.065421973,0,0,0,6490.275065,15836.27116,26791.85547,-28037.98828,-0.955555556,0,0,1,2,1,0,1,1,1,1,1,1,57.14285714,28.57142857,14.28571429,2,0.038,0.038,1,0.038,0,0.038,31.25,0,0,0,0,0,0,0,0,0,0,0,0,0,0,0,0,0,0,0,0,0,0,HIWhist.model,0,0,0.064,0.073333333,0.076,0,0.06,0.022666667,0.450666667,0.234666667,0.018666667,0,(Fa-Gg-Gm-Pc-Pe-Pm-Sa-Sb-Sc-Sl-Tt-Zc-),
sel.2947.ch02.241003.153437.15.C.1490.F.wav,C:\Users\kepar\Desktop\ToTrace\trace_15\Encounter138-sel-Channel0-20241108_165011.wav,50:11.3,50:11.4,138,1490b,95703,null,null,null,null,null,null,Ambig,12990.93457,11962.875,0.086,12430.1748,12990.93457,1028.05957,0.650700963,0.06321521,12221.2643,244.0034731,12149.79492,12476.90479,0.082397004,1.0859375,0.956834532,11962.875,12149.79492,12243.25488,186.9199219,0.618121774,0.617425334,0.744187683,0.631213859,0.04672998,0,0,0,5841.247559,16744.90967,30114.8763,-29076.43229,-1.035714286,0,0,1,2,1,0,1,1,3,0,3,0,57.14285714,28.57142857,14.28571429,2,0.065,0.065,1,0.065,0,0.065,23.25581395,0,0,0,0,0,0,0,0,0,0,0,0,0,0,0,0,0,0,0,0,0,0,HIWhist.model,0,0,0.101333333,0.057333333,0.050666667,0,0.12,0.038666667,0.357333333,0.246666667,0.028,0,(Fa-Gg-Gm-Pc-Pe-Pm-Sa-Sb-Sc-Sl-Tt-Zc-),
sel.2947.ch02.241003.162953.47.C.2482.F.wav,C:\Users\kepar\Desktop\ToTrace\trace_15\Encounter140-sel-Channel0-20241108_165107.wav,51:07.1,51:07.2,140,2482b,95703,null,null,null,null,null,null,Ambig,11589.03516,11121.73535,0.064,11589.03516,11589.03516,467.2998047,0.40106406,0.181267086,11287.08759,158.0267925,11215.19531,11355.38525,0.041152263,1.042016807,1,11121.73535,11121.73535,11215.19531,93.45996094,0.307553611,0.266033652,0.518281025,0.543558101,0.056075977,0,0,0,-1298.055013,20509.26921,23053.45703,-32710.98633,-0.704761905,0,0,1,2,1,0,3,3,0,0,0,0,55.55555556,44.44444444,0,6,0.011,0.005,2.2,0.0096,0.002607681,0.011,93.75,0,0,0,0,0,0,0,0,0,0,0,0,0,0,0,0,0,0,0,0,0,0,HIWhist.model,0,0,0.074666667,0.168,0.125333333,0,0.144,0.030666667,0.229333333,0.148,0.08,0,(Fa-Gg-Gm-Pc-Pe-Pm-Sa-Sb-Sc-Sl-Tt-Zc-),
sel.2951.ch02.241003.162954.22.C.2484.F.wav,C:\Users\kepar\Desktop\ToTrace\trace_15\Encounter142-sel-Channel0-20241108_165237.wav,52:37.4,52:37.5,142,2484b,95703,null,null,null,null,null,null,Sc,12523.63477,11215.19531,0.176,11402.11523,12523.63477,1308.439453,0.677272962,0.182991583,11492.82637,270.7605901,11448.84521,11869.41504,0.11023622,1.116666667,0.910447761,11308.65527,11495.5752,11589.03516,280.3798828,0.530268123,0.630315551,0.638767824,0.933985631,0.149535938,0,0,0,5077.586622,14423.58272,24751.48416,-25701.48926,-0.963036963,0,0,1,2,1,0,5,4,1,1,2,0,58.33333333,27.77777778,13.88888889,10,0.043,0.005,8.6,0.016111111,0.012333333,0.011,56.81818182,0,0,0,0,0,0,0,0,0,0,0,0,0,0,0,0,0,0,0,0,0,0,HIWhist.model,0,0,0.02,0.057333333,0.044,0,0.033333333,0.018666667,0.549333333,0.164,0.113333333,0,(Fa-Gg-Gm-Pc-Pe-Pm-Sa-Sb-Sc-Sl-Tt-Zc-),
sel.3019.ch02.241003.153508.13.C.1526.F.wav,C:\Users\kepar\Desktop\ToTrace\trace_15\Encounter155-sel-Channel0-20241108_165944.wav,59:44.7,59:44.7,155,1526b,95703,null,null,null,null,null,null,Ambig,12243.25488,11869.41504,0.048,12243.25488,12243.25488,373.8398438,0.718902153,0.11077252,12046.98896,128.0700835,12009.60498,12056.33496,0.031007752,1.031496063,1,12149.79492,11962.875,11962.875,163.5549316,0.620814399,0.701069995,0.789408004,0.822276166,0.028037988,0,0,0,692.2960069,20076.5842,23364.99023,-29076.43229,-0.803571429,0,0,1,2,1,0,1,1,0,0,0,0,60,40,0,2,0.016,0.016,1,0.016,0,0.016,41.66666667,0,0,0,0,0,0,0,0,0,0,0,0,0,0,0,0,0,0,0,0,0,0,HIWhist.model,0,0,0.082666667,0.177333333,0.090666667,0,0.108,0.026666667,0.309333333,0.16,0.045333333,0,(Fa-Gg-Gm-Pc-Pe-Pm-Sa-Sb-Sc-Sl-Tt-Zc-),
sel.3253.ch02.241003.153822.10.C.1643.F.wav,C:\Users\kepar\Desktop\ToTrace\trace_15\Encounter163-sel-Channel0-20241108_170419.wav,04:19.1,04:19.3,163,1643b,95703,null,null,null,null,null,null,Sc,12523.63477,11775.95508,0.117,12056.33496,12523.63477,747.6796875,0.492979991,0.206749498,11914.11328,163.9963051,11869.41504,12149.79492,0.061538462,1.063492063,0.962686567,11775.95508,11869.41504,11962.875,140.1899414,0.367327776,0.428745856,0.450002918,0.7724161,0.04672998,0,0,0,3793.017895,17245.58803,28928.08315,-24663.04525,-1.172932331,0,0,1,2,1,0,4,5,1,0,0,1,55.55555556,38.88888889,5.555555556,10,0.022,0.005,4.4,0.011888889,0.004728754,0.011,85.47008547,0,0,0,0,0,0,0,0,0,0,0,0,0,0,0,0,0,0,0,0,0,0,HIWhist.model,0,0,0.068,0.125333333,0.057333333,0,0.045333333,0.041333333,0.424,0.154666667,0.084,0,(Fa-Gg-Gm-Pc-Pe-Pm-Sa-Sb-Sc-Sl-Tt-Zc-),
sel.3255.ch02.241003.153822.54.C.1644.F.wav,C:\Users\kepar\Desktop\ToTrace\trace_15\Encounter165-sel-Channel0-20241108_170526.wav,05:26.7,05:26.9,165,1644b,95703,null,null,null,null,null,null,Sc,12710.55469,11495.5752,0.16,12056.33496,12710.55469,1214.979492,0.614651115,0.226890489,11851.32601,243.0190884,11869.41504,12103.06494,0.1003861,1.105691057,0.948529412,11682.49512,11869.41504,11962.875,280.3798828,0.477931667,0.689066694,0.702334559,0.585645888,0.149535938,0,0,0,4487.561616,17215.9182,27129.34977,-27275.04982,-0.99465812,0,0,1,2,1,0,5,5,2,0,2,0,60.71428571,32.14285714,7.142857143,10,0.037,0.01,3.7,0.016,0.008902247,0.011,62.5,0,0,0,0,0,0,0,0,0,0,0,0,0,0,0,0,0,0,0,0,0,0,HIWhist.model,0,0,0.034666667,0.073333333,0.030666667,0,0.048,0.016,0.528,0.122666667,0.146666667,0,(Fa-Gg-Gm-Pc-Pe-Pm-Sa-Sb-Sc-Sl-Tt-Zc-),
sel.3256.ch02.241003.155837.64.C.2433.F.wav,C:\Users\kepar\Desktop\ToTrace\trace_15\Encounter167-sel-Channel0-20241108_170657.wav,06:57.2,06:57.3,167,2433b,95703,null,null,null,null,null,null,Ambig,11869.41504,11495.5752,0.064,11775.95508,11775.95508,373.8398438,0.679297155,0.117518541,11704.0628,127.4272454,11775.95508,11682.49512,0.032,1.032520325,1,11589.03516,11682.49512,11775.95508,186.9199219,0.725704364,0.783944558,0.651316344,0.540754284,0.028037988,0,0,0,259.6110026,11163.27311,17134.32617,-21807.32422,-0.785714286,0,0,1,2,1,0,1,1,0,0,0,0,63.63636364,36.36363636,0,2,0.037,0.037,1,0.037,0,0.037,31.25,0,0,0,0,0,0,0,0,0,0,0,0,0,0,0,0,0,0,0,0,0,0,HIWhist.model,0,0,0.154666667,0.066666667,0.254666667,0,0.090666667,0.058666667,0.188,0.142666667,0.044,0,(Fa-Gg-Gm-Pc-Pe-Pm-Sa-Sb-Sc-Sl-Tt-Zc-),
sel.3257.ch02.241003.153822.97.C.1645.F.wav,C:\Users\kepar\Desktop\ToTrace\trace_15\Encounter169-sel-Channel0-20241108_170757.wav,07:57.1,07:57.2,169,1645b,95703,null,null,null,null,null,null,Ambig,12243.25488,11495.5752,0.123,11869.41504,12243.25488,747.6796875,0.37711122,0.073846913,11779.84924,199.6503795,11729.2251,11869.41504,0.062992126,1.06504065,0.969465649,11589.03516,11682.49512,11869.41504,303.744873,0.34423686,0.461273372,0.332286947,0.375929871,0.056075977,0,0,0,3105.657087,9084.7726,20027.13449,-22919.9428,-0.873786408,0,0,1,2,1,0,1,1,4,0,4,0,54.28571429,25.71428571,20,2,0.101,0.101,1,0.101,0,0.101,16.2601626,0,0,0,0,0,0,0,0,0,0,0,0,0,0,0,0,0,0,0,0,0,0,HIWhist.model,0,0,0.149333333,0.058666667,0.093333333,0,0.076,0.050666667,0.345333333,0.162666667,0.064,0,(Fa-Gg-Gm-Pc-Pe-Pm-Sa-Sb-Sc-Sl-Tt-Zc-),
sel.3461.ch02.241003.154102.61.C.1744.F.wav,C:\Users\kepar\Desktop\ToTrace\trace_15\Encounter171-sel-Channel0-20241108_170850.wav,08:50.4,08:50.4,171,1744b,95703,null,null,null,null,null,null,Ambig,11869.41504,11402.11523,0.053,11869.41504,11775.95508,467.2998047,0.662429908,0.321119326,11606.02788,143.6864869,11589.03516,11635.76514,0.040160643,1.040983607,1.007936508,11495.5752,11589.03516,11589.03516,140.1899414,0.92962381,0.532421745,0.79731082,0.254329933,0.028037988,0,0,0,-1869.199219,15576.66016,22845.76823,-29076.43229,-0.785714286,0,0,1,2,1,0,1,1,1,0,1,0,46.15384615,38.46153846,15.38461538,2,0.032,0.032,1,0.032,0,0.032,37.73584906,0,0,0,0,0,0,0,0,0,0,0,0,0,0,0,0,0,0,0,0,0,0,HIWhist.model,0,0,0.077333333,0.104,0.153333333,0,0.094666667,0.050666667,0.206666667,0.226666667,0.086666667,0,(Fa-Gg-Gm-Pc-Pe-Pm-Sa-Sb-Sc-Sl-Tt-Zc-),
sel.3743.ch02.241003.150807.43.C.1878.F.wav,C:\Users\kepar\Desktop\ToTrace\trace_15\Encounter173-sel-Channel0-20241108_170954.wav,09:54.3,09:54.4,173,1878b,95703,null,null,null,null,null,null,Ambig,12804.01465,11962.875,0.123,12336.71484,12804.01465,841.1396484,0.55616177,0.119239948,12173.15991,213.921877,12149.79492,12383.44482,0.067924528,1.0703125,0.96350365,11962.875,12056.33496,12243.25488,303.744873,0.604967772,0.618268573,0.526980372,0.448322881,0.04672998,0,0,0,3792.578125,10023.24219,22697.41908,-35826.31836,-0.633540373,0,0,1,2,1,0,1,0,3,1,4,0,50,27.5,22.5,2,0.08,0.08,1,0.08,0,0.08,16.2601626,0,0,0,0,0,0,0,0,0,0,0,0,0,0,0,0,0,0,0,0,0,0,HIWhist.model,0,0,0.184,0.057333333,0.061333333,0,0.072,0.032,0.381333333,0.174666667,0.037333333,0,(Fa-Gg-Gm-Pc-Pe-Pm-Sa-Sb-Sc-Sl-Tt-Zc-),
sel.3745.ch02.241003.152437.19.C.1879.F.wav,C:\Users\kepar\Desktop\ToTrace\trace_15\Encounter175-sel-Channel0-20241108_171134.wav,11:34.7,11:34.8,175,1879b,95703,null,null,null,null,null,null,Sc,12617.09473,11682.49512,0.107,12149.79492,12617.09473,934.5996094,0.516856832,0.130695609,11953.97405,278.6686456,11869.41504,12149.79492,0.076923077,1.08,0.962962963,11682.49512,11775.95508,12056.33496,467.2998047,0.388254928,0.568738927,0.58060536,0.555548495,0.065421973,0,0,0,4672.998047,13084.39453,19730.4362,-28037.98828,-0.703703704,0,0,1,2,1,0,1,0,0,1,1,0,59.25925926,25.92592593,14.81481481,2,0.064,0.064,1,0.064,0,0.064,18.69158879,0,0,0,0,0,0,0,0,0,0,0,0,0,0,0,0,0,0,0,0,0,0,HIWhist.model,0,0,0.070666667,0.057333333,0.049333333,0,0.057333333,0.036,0.414666667,0.28,0.034666667,0,(Fa-Gg-Gm-Pc-Pe-Pm-Sa-Sb-Sc-Sl-Tt-Zc-),
sel.3747.ch02.241003.152441.40.C.1880.F.wav,C:\Users\kepar\Desktop\ToTrace\trace_15\Encounter177-sel-Channel0-20241108_171226.wav,12:27.0,12:27.1,177,1880b,95703,null,null,null,null,null,null,Ambig,12336.71484,11589.03516,0.085,12336.71484,11962.875,747.6796875,0.449116351,0.085141655,11737.47156,187.0916444,11682.49512,11962.875,0.0625,1.064516129,1.03125,11589.03516,11682.49512,11775.95508,186.9199219,0.503632695,0.435633575,0.446435186,0.397134862,0.037383984,0,0,0,-4478.289795,18107.86743,21807.32422,-36137.85156,-0.603448276,0,0,1,1,0,0,1,1,1,1,1,1,47.05882353,41.17647059,11.76470588,4,0.031,0.012,2.583333333,0.019666667,0.010016653,0.016,47.05882353,0,0,0,0,0,0,0,0,0,0,0,0,0,0,0,0,0,0,0,0,0,0,HIWhist.model,0,0,0.066666667,0.097333333,0.109333333,0,0.104,0.06,0.256,0.229333333,0.077333333,0,(Fa-Gg-Gm-Pc-Pe-Pm-Sa-Sb-Sc-Sl-Tt-Zc-),
sel.3749.ch02.241003.152441.64.C.1881.F.wav,C:\Users\kepar\Desktop\ToTrace\trace_15\Encounter179-sel-Channel0-20241108_171318.wav,13:18.6,13:18.7,179,1881b,95703,null,null,null,null,null,null,Ambig,12523.63477,11775.95508,0.133,11775.95508,12523.63477,747.6796875,0.437959554,0.084088203,12045.55112,163.6524706,12009.60498,12149.79492,0.061538462,1.063492063,0.940298507,11962.875,11962.875,12056.33496,93.45996094,0.377163961,0.415783414,0.440300496,0.532418967,0.04672998,0,0,0,6043.744141,6043.744141,21584.8005,0,0,2,1,0,2,1,0,1,0,2,0,2,0,46.15384615,26.92307692,26.92307692,1,0,0,0,0,0,0,0,0,0,0,0,0,0,0,0,0,0,0,0,0,0,0,0,0,0,0,0,0,0,HIWhist.model,0,0,0.04,0.297333333,0.034666667,0,0.097333333,0.097333333,0.170666667,0.092,0.170666667,0,(Fa-Gg-Gm-Pc-Pe-Pm-Sa-Sb-Sc-Sl-Tt-Zc-),
sel.3765.ch02.241003.152649.34.C.1889.F.wav,C:\Users\kepar\Desktop\ToTrace\trace_15\Encounter182-sel-Channel0-20241108_171417.wav,14:17.9,14:18.0,182,1889b,95703,null,null,null,null,null,null,Ambig,12056.33496,10841.35547,0.064,11121.73535,12056.33496,1214.979492,0.644273031,0.056268076,11294.27682,355.5701253,11308.65527,11448.84521,0.106122449,1.112068966,0.92248062,10841.35547,11308.65527,11402.11523,280.3798828,0.5835927,0.650266031,0.712093579,0.651366588,0.112151953,0,0,0,14797.82715,24143.82324,33378.55748,-56075.97656,-0.595238095,0,0,1,2,1,0,1,1,1,0,1,0,76.92307692,15.38461538,7.692307692,2,0.053,0.053,1,0.053,0,0.053,31.25,0,0,0,0,0,0,0,0,0,0,0,0,0,0,0,0,0,0,0,0,0,0,HIWhist.model,0,0,0.021333333,0.056,0.093333333,0,0.282666667,0.001333333,0.282666667,0.256,0.006666667,0,(Fa-Gg-Gm-Pc-Pe-Pm-Sa-Sb-Sc-Sl-Tt-Zc-),
sel.3767.ch02.241003.152649.68.C.1890.F.wav,C:\Users\kepar\Desktop\ToTrace\trace_15\Encounter184-sel-Channel0-20241108_171730.wav,17:30.8,17:30.9,184,1890b,95703,null,null,null,null,null,null,Ambig,12430.1748,10654.43555,0.069,10654.43555,12336.71484,1775.739258,0.486503309,0.11507885,11615.738,575.4590793,11448.84521,11542.30518,0.153846154,1.166666667,0.863636364,11215.19531,11402.11523,12336.71484,981.3295898,0.478978018,0.441916806,0.509253167,0.533235845,0.121497949,0,0,0,24922.65625,27798.34736,34268.65234,-18691.99219,-1.833333333,2,1,0,2,1,0,1,0,0,0,0,0,91.66666667,8.333333333,0,1,0,0,0,0,0,0,0,0,0,0,0,0,0,0,0,0,0,0,0,0,0,0,0,0,0,0,0,0,0,HIWhist.model,0,0,0.054666667,0.014666667,0.252,0,0.174666667,0.001333333,0.294666667,0.18,0.028,0,(Fa-Gg-Gm-Pc-Pe-Pm-Sa-Sb-Sc-Sl-Tt-Zc-),
sel.3769.ch02.241003.152705.21.C.1891.F.wav,C:\Users\kepar\Desktop\ToTrace\trace_15\Encounter186-sel-Channel0-20241108_171846.wav,18:46.8,18:47.0,186,1891b,95703,null,null,null,null,null,null,Sl,12804.01465,11215.19531,0.16,11215.19531,12804.01465,1588.819336,0.572677456,0.112515179,11736.76219,344.4725002,11682.49512,12009.60498,0.13229572,1.141666667,0.875912409,11495.5752,11682.49512,11775.95508,280.3798828,0.488129048,0.559652887,0.606415654,0.645631488,0.140189941,0,0,0,10072.9069,10072.9069,23245.16977,0,0,2,1,0,2,1,0,1,0,4,0,4,0,56.8627451,21.56862745,21.56862745,1,0,0,0,0,0,0,0,0,0,0,0,0,0,0,0,0,0,0,0,0,0,0,0,0,0,0,0,0,0,HIWhist.model,0,0,0.077333333,0.128,0.026666667,0,0.085333333,0.005333333,0.089333333,0.406666667,0.181333333,0,(Fa-Gg-Gm-Pc-Pe-Pm-Sa-Sb-Sc-Sl-Tt-Zc-),
sel.1967.ch02.241003.152131.38.C.998.F.wav,C:\Users\kepar\Desktop\ToTrace\Encounter4-sel-Channel0-20241108_131321.wav,13:21.3,13:21.4,4,998b,95703,null,null,null,null,null,null,Ambig,12804.01465,11028.27539,0.145,11028.27539,12804.01465,1775.739258,0.53089694,0.08483734,11562.33231,360.497578,11589.03516,11916.14502,0.149019608,1.161016949,0.861313869,11308.65527,11682.49512,11682.49512,397.204834,0.517871261,0.488601058,0.578712862,0.541824463,0.177573926,0,0,0,12288.25412,17365.09151,36392.74237,-17134.32617,-2.123966942,2,1,0,2,1,0,3,2,2,1,3,1,60,26.66666667,13.33333333,7,0.017,0.006,2.833333333,0.011666667,0.004179314,0.011,48.27586207,0,0,0,0,0,0,0,0,0,0,0,0,0,0,0,0,0,0,0,0,0,0,HIWhist.model,0,0,0.157333333,0.058666667,0.084,0,0.093333333,0.029333333,0.148,0.265333333,0.164,0,(Fa-Gg-Gm-Pc-Pe-Pm-Sa-Sb-Sc-Sl-Tt-Zc-),moved
sel.1963.ch02.241003.152130.23.C.996.F.wav,C:\Users\kepar\Desktop\ToTrace\trace_subsample18\Encounter125-sel-Channel0-20241108_130451.wav,04:51.1,04:51.3,125,996b,95703,null,null,null,null,null,null,Ambig,12336.71484,11402.11523,0.129,11402.11523,12336.71484,934.5996094,0.364939239,0.085214217,11746.04789,242.3960558,11775.95508,11869.41504,0.078740157,1.081967213,0.924242424,11495.5752,11775.95508,11869.41504,280.3798828,0.326540063,0.377769993,0.382003338,0.379843425,0.093459961,0,0,0,7371.09811,7371.09811,19656.26163,0,0,1,0,0,2,1,0,1,0,3,0,4,0,56.09756098,21.95121951,21.95121951,1,0,0,0,0,0,0,0,0,0,0,0,0,0,0,0,0,0,0,0,0,0,0,0,0,0,0,0,0,0,HIWhist.model,0,0,0.114666667,0.254666667,0.009333333,0,0.236,0.008,0.137333333,0.170666667,0.069333333,0,(Fa-Gg-Gm-Pc-Pe-Pm-Sa-Sb-Sc-Sl-Tt-Zc-),moved
sel.2147.ch02.241003.152452.37.C.1088.F.wav,C:\Users\kepar\Desktop\replacement_traces\Encounter56-sel-Channel0-20241112_170445.wav,04:45.7,04:45.8,56,1088b,95703,null,null,null,null,null,null,Ambig,12243.25488,11495.5752,0.128,12056.33496,12243.25488,747.6796875,0.288640816,0.067027161,11802.12387,213.3263275,11775.95508,11869.41504,0.062992126,1.06504065,0.984732824,11495.5752,11775.95508,11962.875,373.8398438,0.256577579,0.369559015,0.265522413,0.268248132,0.084113965,0,0,0,1659.656052,14380.59518,21387.00164,-25441.87826,-0.840621963,0,0,1,2,1,0,2,1,0,2,1,1,59.09090909,31.81818182,9.090909091,4,0.069,0.011,6.272727273,0.030333333,0.033486316,0.011,31.25,0,0,0,0,0,0,0,0,0,0,0,0,0,0,0,0,0,0,0,0,0,0,HIWhist.model,0,0,0.057333333,0.117333333,0.073333333,0,0.086666667,0.072,0.332,0.157333333,0.104,0,(Fa-Gg-Gm-Pc-Pe-Pm-Sa-Sb-Sc-Sl-Tt-Zc-),moved
sel.2809.ch02.241003.162722.04.C.2304.F.wav,C:\Users\kepar\Desktop\ToTrace\Encounter35-sel-Channel0-20241108_135406.wav,54:06.8,54:06.9,35,2304b,95703,null,null,null,null,null,null,Sc,12149.79492,11121.73535,0.173,11308.65527,12149.79492,1028.05957,0.323196659,0.066085313,11597.53152,261.6082251,11682.49512,11635.76514,0.088353414,1.092436975,0.930769231,11215.19531,11682.49512,11775.95508,467.2998047,0.311403186,0.349027236,0.303324762,0.330505637,0.084113965,0,0,0,4923.337228,10180.46003,21969.15965,-21028.49121,-1.044733045,0,0,1,2,1,0,1,2,3,0,2,1,48.07692308,28.84615385,23.07692308,4,0.092,0.01,9.2,0.052,0.041036569,0.054,23.12138728,0,0,0,0,0,0,0,0,0,0,0,0,0,0,0,0,0,0,0,0,0,0,HIWhist.model,0,0,0.016,0.102666667,0.076,0,0.064,0.06,0.493333333,0.118666667,0.069333333,0,(Fa-Gg-Gm-Pc-Pe-Pm-Sa-Sb-Sc-Sl-Tt-Zc-),moved
sel.3193.ch02.241003.153718.74.C.1613.F.wav,C:\Users\kepar\Desktop\ToTrace\Encounter57-sel-Channel0-20241108_140454.wav,04:54.3,04:54.4,57,1613b,95703,null,null,null,null,null,null,Sc,12243.25488,11495.5752,0.113,11775.95508,12243.25488,747.6796875,0.450301073,0.077974169,11733.47328,174.7935028,11682.49512,11869.41504,0.062992126,1.06504065,0.961832061,11589.03516,11682.49512,11775.95508,186.9199219,0.474489829,0.433091008,0.416538739,0.475688978,0.074767969,0,0,0,4588.227107,9356.592461,24403.43424,-25033.91811,-0.974814815,0,0,1,2,1,0,1,1,3,0,3,0,53.125,28.125,18.75,2,0.091,0.091,1,0.091,0,0.091,17.69911504,0,0,0,0,0,0,0,0,0,0,0,0,0,0,0,0,0,0,0,0,0,0,HIWhist.model,0,0,0.074666667,0.048,0.086666667,0,0.057333333,0.042666667,0.444,0.210666667,0.036,0,(Fa-Gg-Gm-Pc-Pe-Pm-Sa-Sb-Sc-Sl-Tt-Zc-),moved
sel.3358.ch02.241003.153957.35.C.1693.F.wav,C:\Users\kepar\Desktop\ToTrace\Encounter67-sel-Channel0-20241108_141020.wav,10:20.6,10:20.7,67,1693b,95703,null,null,null,null,null,null,Ambig,12336.71484,11495.5752,0.134,11682.49512,12336.71484,841.1396484,0.352013303,0.042820843,11657.33282,176.4541731,11589.03516,11916.14502,0.070588235,1.073170732,0.946969697,11495.5752,11589.03516,11775.95508,163.5549316,0.365062441,0.35927029,0.336201911,0.344134218,0.037383984,0,0,0,5509.687221,10814.65262,29150.60686,-16578.01688,-1.758389262,0,0,1,2,1,0,3,2,2,1,3,0,45,32.5,22.5,6,0.044,0.005,8.8,0.0192,0.015039947,0.015,44.7761194,0,0,0,0,0,0,0,0,0,0,0,0,0,0,0,0,0,0,0,0,0,0,HIWhist.model,0,0,0.041333333,0.088,0.053333333,0,0.053333333,0.138666667,0.38,0.102666667,0.142666667,0,(Fa-Gg-Gm-Pc-Pe-Pm-Sa-Sb-Sc-Sl-Tt-Zc-),moved
sel.645.ch02.241003.154944.03.C.323.F.wav,C:\Users\kepar\Desktop\ToTrace\trace_subsample18\Encounter67-sel-Channel0-20241003_154904.wav,49:04.1,49:04.3,67,323b,95703,null,null,null,null,null,null,Sc,12710.55469,11589.03516,0.166,11682.49512,12710.55469,1121.519531,0.276122673,0.126818402,11889.85941,223.6174514,11869.41504,12149.79492,0.092307692,1.096774194,0.919117647,11682.49512,11775.95508,12056.33496,210.2849121,0.206344713,0.272321233,0.230851214,0.421920505,0.056075977,0,0,0,5577.449282,11607.12418,24214.62624,-18691.99219,-1.295454545,1,0,0,2,1,0,4,4,1,0,1,1,55.55555556,30.55555556,13.88888889,8,0.054,0.005,10.8,0.02,0.016703293,0.011,48.19277108,0,0,0,0,0,0,0,0,0,0,0,0,0,0,0,0,0,0,0,0,0,0,HIWhist.model,0,0,0.038666667,0.041333333,0.034666667,0,0.054666667,0.034666667,0.601333333,0.092,0.102666667,0,(Fa-Gg-Gm-Pc-Pe-Pm-Sa-Sb-Sc-Sl-Tt-Zc-),moved
sel.715.ch02.241003.155018.59.C.358.F.wav,C:\Users\kepar\Desktop\ToTrace\trace_subsample18\Encounter73-sel-Channel0-20241003_155001.wav,50:01.0,50:01.2,73,358b,95703,null,null,null,null,null,null,Ambig,12897.47461,11775.95508,0.144,12336.71484,12897.47461,1121.519531,0.360994755,0.139827536,12009.60498,228.2215503,11962.875,12336.71484,0.090909091,1.095238095,0.956521739,11775.95508,12056.33496,11962.875,186.9199219,0.31325852,0.275622683,0.400212084,0.47849027,0.112151953,0,0,0,3255.439556,19474.946,30686.02051,-31280.47672,-0.980995935,0,0,1,2,1,0,3,4,1,0,0,1,56,36,8,8,0.037,0.005,7.4,0.018428571,0.012025766,0.012,55.55555556,0,0,0,0,0,0,0,0,0,0,0,0,0,0,0,0,0,0,0,0,0,0,HIWhist.model,0,0,0.037333333,0.076,0.084,0,0.108,0.016,0.241333333,0.273333333,0.164,0,(Fa-Gg-Gm-Pc-Pe-Pm-Sa-Sb-Sc-Sl-Tt-Zc-),moved
sel.842.ch02.241003.150346.81.C.434.F.wav,C:\Users\kepar\Desktop\ToTrace\trace_subsample18\Encounter85-sel-Channel0-20241003_150304.wav,03:04.1,03:04.2,85,434b,95703,null,null,null,null,null,null,Sc,12430.1748,11121.73535,0.166,11682.49512,12430.1748,1308.439453,0.459569604,0.116468982,11702.93948,308.3624799,11775.95508,11775.95508,0.111111111,1.117647059,0.939849624,11402.11523,11682.49512,11962.875,303.744873,0.453375957,0.531063852,0.46065559,0.384584025,0.112151953,0,0,0,4400.22704,14952.15811,23073.99768,-27259.15527,-0.846467818,0,0,1,2,1,0,4,4,3,0,3,0,58.33333333,30.55555556,11.11111111,8,0.048,0.005,9.6,0.020714286,0.015606775,0.016,48.19277108,0,0,0,0,0,0,0,0,0,0,0,0,0,0,0,0,0,0,0,0,0,0,HIWhist.model,0,0,0.026666667,0.078666667,0.038666667,0,0.050666667,0.033333333,0.476,0.157333333,0.138666667,0,(Fa-Gg-Gm-Pc-Pe-Pm-Sa-Sb-Sc-Sl-Tt-Zc-),moved
sel.900.ch02.241003.150502.73.C.463.F.wav,C:\Users\kepar\Desktop\ToTrace\trace_subsample18\Encounter89-sel-Channel0-20241003_150500.wav,05:00.1,05:00.2,89,463b,95703,null,null,null,null,null,null,Ambig,12056.33496,11402.11523,0.15,11589.03516,12056.33496,654.2197266,0.370165806,0.083479236,11643.82203,148.8610886,11589.03516,11729.2251,0.055776892,1.057377049,0.96124031,11589.03516,11589.03516,11682.49512,186.9199219,0.309100099,0.405391533,0.384467661,0.390427605,0.065421973,0,0,0,3584.221291,11881.17701,24057.28624,-16593.91143,-1.449765858,0,0,1,0,0,1,4,4,2,2,2,2,45.16129032,38.70967742,16.12903226,10,0.031,0.005,6.2,0.013777778,0.008467257,0.011,66.66666667,0,0,0,0,0,0,0,0,0,0,0,0,0,0,0,0,0,0,0,0,0,0,HIWhist.model,0,0,0.04,0.086666667,0.078666667,0,0.078666667,0.138666667,0.282666667,0.097333333,0.197333333,0,(Fa-Gg-Gm-Pc-Pe-Pm-Sa-Sb-Sc-Sl-Tt-Zc-),moved
sel.931.ch02.241003.155154.78.C.466.F.wav,C:\Users\kepar\Desktop\ToTrace\trace_subsample18\Encounter95-sel-Channel0-20241003_155105.wav,51:05.0,51:05.2,95,466b,95703,null,null,null,null,null,null,Sc,12430.1748,11308.65527,0.16,11682.49512,12430.1748,1121.519531,0.386000589,0.186632925,11592.04999,224.412749,11589.03516,11869.41504,0.094488189,1.099173554,0.939849624,11402.11523,11495.5752,11589.03516,280.3798828,0.290432697,0.393346466,0.447025335,0.417083181,0.121497949,0,0,0,4546.901274,15554.40778,27410.87599,-27518.76628,-0.996079392,0,0,1,2,1,0,3,2,2,1,3,0,50,28.94736842,21.05263158,6,0.059,0.01,5.9,0.0288,0.02160324,0.022,37.5,0,0,0,0,0,0,0,0,0,0,0,0,0,0,0,0,0,0,0,0,0,0,HIWhist.model,0,0,0.024,0.090666667,0.08,0,0.032,0.025333333,0.488,0.153333333,0.106666667,0,(Fa-Gg-Gm-Pc-Pe-Pm-Sa-Sb-Sc-Sl-Tt-Zc-),moved
sel.2117.ch02.241003.152433.92.C.1073.F.wav,C:\Users\kepar\Desktop\ToTrace\Encounter14-sel-Channel0-20241108_134008.wav,40:08.4,40:08.6,14,1073b,95703,null,null,null,null,null,null,Sc,12430.1748,11402.11523,0.161,11495.5752,12430.1748,1028.05957,0.26520647,0.073638005,11757.86605,239.3978372,11775.95508,11916.14502,0.08627451,1.090163934,0.92481203,11495.5752,11775.95508,11869.41504,373.8398438,0.204490806,0.302183404,0.304059977,0.247932438,0.093459961,0,0,0,6282.586263,12928.62793,22166.78561,-16615.10417,-1.334134615,2,1,0,2,1,0,4,4,2,0,2,0,56.25,28.125,15.625,8,0.043,0.005,8.6,0.021428571,0.015328156,0.021,49.68944099,0,0,0,0,0,0,0,0,0,0,0,0,0,0,0,0,0,0,0,0,0,0,HIWhist.model,0,0,0.04,0.036,0.037333333,0,0.049333333,0.033333333,0.592,0.12,0.092,0,(Fa-Gg-Gm-Pc-Pe-Pm-Sa-Sb-Sc-Sl-Tt-Zc-),moved
sel.2125.ch02.241003.152436.91.C.1077.F.wav,C:\Users\kepar\Desktop\replacement_traces\Encounter19-sel-Channel0-20241112_163237.wav,32:37.9,32:37.9,19,1077b,95703,null,null,null,null,null,null,Ambig,11589.03516,11589.03516,0.016,11589.03516,11589.03516,0,0.411864024,0.046454178,11589.03516,0,11589.03516,11589.03516,0,1,1,11589.03516,11589.03516,11589.03516,0,0.375096963,0.432079001,0.465183169,NaN,0,0,0,0,0,0,0,0,0,1,0,0,1,0,0,0,0,0,0,0,1,33.33333333,33.33333333,33.33333333,0,0,0,0,0,0,0,0,0,0,0,0,0,0,0,0,0,0,0,0,0,0,0,0,0,0,0,0,0,0,HIWhist.model,0,0,0.122666667,0.090666667,0.236,0,0.173333333,0.057333333,0.148,0.073333333,0.098666667,0,(Fa-Gg-Gm-Pc-Pe-Pm-Sa-Sb-Sc-Sl-Tt-Zc-),moved
sel.3331.ch02.241003.153942.70.C.1680.F.wav,C:\Users\kepar\Desktop\ToTrace\trace_19\Encounter59-sel-Channel0-20241108_150501.wav,05:01.2,05:01.3,59,1680b,95703,null,null,null,null,null,null,Ambig,12617.09473,9906.755859,0.122,9906.755859,12617.09473,2710.338867,0.642680699,0.091296001,11413.79773,679.735646,11402.11523,11261.92529,0.2406639,1.273584906,0.785185185,10841.35547,11495.5752,11869.41504,1074.789551,0.651361916,0.649485151,0.66067307,0.600770809,0.177573926,0,0,0,22291.07143,28250.83705,36326.99672,-22845.76823,-1.590097403,2,1,0,2,1,0,1,0,0,0,0,0,100,0,0,1,0,0,0,0,0,0,0,0,0,0,0,0,0,0,0,0,0,0,0,0,0,0,0,0,0,0,0,0,0,HIWhist.model,0,0,0.029333333,0.002666667,0.257333333,0,0.254666667,0.001333333,0.217333333,0.173333333,0.064,0,(Fa-Gg-Gm-Pc-Pe-Pm-Sa-Sb-Sc-Sl-Tt-Zc-),moved
sel.3741.ch02.241003.150807.19.C.562.F.wav,C:\Users\kepar\Desktop\ToTrace\trace_19\Encounter67-sel-Channel0-20241108_150858.wav,08:58.5,08:58.5,67,562b,95703,null,null,null,null,null,null,Ambig,11962.875,11589.03516,0.037,11962.875,11869.41504,373.8398438,0.224216775,0.080642933,11694.17761,145.1103755,11635.76514,11775.95508,0.031746032,1.032258065,1.007874016,11589.03516,11589.03516,11682.49512,140.1899414,0.213348147,0.174250397,0.309867915,0.185453137,0.009345996,0,0,0,-2670.284598,18691.99219,28037.98828,-74767.96875,-0.375,0,0,1,2,1,0,1,0,0,1,1,0,50,30,20,2,0.016,0.016,1,0.016,0,0.016,54.05405405,0,0,0,0,0,0,0,0,0,0,0,0,0,0,0,0,0,0,0,0,0,0,HIWhist.model,0,0,0.081333333,0.082666667,0.162666667,0,0.148,0.033333333,0.166666667,0.261333333,0.064,0,(Fa-Gg-Gm-Pc-Pe-Pm-Sa-Sb-Sc-Sl-Tt-Zc-),moved
sel.663.ch02.241003.154951.98.C.332.F.wav,C:\Users\kepar\Desktop\ToTrace\trace_19\Encounter34-sel-Channel0-20241003_154905.wav,49:05.0,49:05.0,34,332b,95703,null,null,null,null,null,null,Gm,11962.875,11869.41504,0.012,11869.41504,11962.875,93.45996094,0.459336143,0.019596439,11900.56836,53.95913361,11869.41504,11916.14502,0.007843137,1.007874016,0.9921875,11869.41504,11869.41504,11869.41504,46.72998047,0.476227455,0.437850814,0.463930161,NaN,0,0,0,0,6675.711496,6675.711496,13351.42299,0,0,2,1,0,1,0,0,1,0,0,0,0,0,100,0,0,1,0,0,0,0,0,0,0,0,0,0,0,0,0,0,0,0,0,0,0,0,0,0,0,0,0,0,0,0,0,HIWhist.model,0,0,0.518666667,0.062666667,0.125333333,0,0.144,0.009333333,0.070666667,0.066666667,0.002666667,0,(Fa-Gg-Gm-Pc-Pe-Pm-Sa-Sb-Sc-Sl-Tt-Zc-),moved
sel.272.ch02.241003.145305.97.C.149.F.wav,C:\Users\kepar\Desktop\trace_02132025\15_new_new_subset_to_trace\Encounter30-sel-Channel0-20241003_145300.wav,53:00.0,53:00.2,30,149b,95703,null,null,null,null,null,null,Ambig,12336.71484,10841.35547,0.209,11028.27539,12336.71484,1495.359375,0.610018872,0.135768007,11553.98767,494.8548846,11355.38525,11589.03516,0.129032258,1.137931034,0.893939394,11215.19531,11308.65527,11962.875,934.5996094,0.579719566,0.682397884,0.653098979,0.518763448,0.177573926,0,0,0,6447.482043,11605.46768,23468.83464,-16763.45331,-1.4,0,0,1,2,1,0,2,3,3,1,2,2,61.70212766,25.53191489,12.76595745,8,0.054,0.01,5.4,0.027571429,0.018590832,0.021,38.27751196,0,0,0,0,0,0,0,0,0,0,0,0,0,0,0,0,0,0,0,0,0,0,HIWhist.model,0,0,0.033333333,0.089333333,0.052,0,0.022666667,0.030666667,0.4,0.174666667,0.197333333,0,(Fa-Gg-Gm-Pc-Pe-Pm-Sa-Sb-Sc-Sl-Tt-Zc-),
sel.2155.ch02.241003.152457.26.C.1092.F.wav,C:\Users\kepar\Desktop\trace_02132025\15_new_new_subset_to_trace\Encounter33-sel-Channel0-20250214_203704.wav,37:04.1,37:04.2,33,1092b_call1,95703,null,null,null,null,null,null,Sc,11775.95508,11402.11523,0.065,11495.5752,11775.95508,373.8398438,0.329569143,0.120927577,11560.27825,116.884846,11495.5752,11589.03516,0.032258065,1.032786885,0.976190476,11495.5752,11589.03516,11682.49512,186.9199219,0.276167934,0.289515742,0.431307255,0.339086044,0.028037988,0,0,0,4932.609049,15836.27116,20768.88021,-16355.49316,-1.26984127,2,1,0,2,1,0,3,3,0,0,0,0,66.66666667,33.33333333,0,6,0.02,0.005,4,0.0108,0.005974948,0.011,92.30769231,0,0,0,0,0,0,0,0,0,0,0,0,0,0,0,0,0,0,0,0,0,0,HIWhist.model,0,0,0.076,0.094666667,0.090666667,0,0.084,0.038666667,0.402666667,0.169333333,0.044,0,(Fa-Gg-Gm-Pc-Pe-Pm-Sa-Sb-Sc-Sl-Tt-Zc-),
sel.2155.ch02.241003.152457.26.C.1092.F.wav,C:\Users\kepar\Desktop\trace_02132025\15_new_new_subset_to_trace\Encounter35-sel-Channel0-20250214_203704.wav,37:04.4,37:04.6,35,1092b_call2,95703,null,null,null,null,null,null,Sc,12430.1748,11028.27539,0.21,11215.19531,12430.1748,1401.899414,0.600069642,0.172508931,11462.86421,287.5181824,11402.11523,11729.2251,0.119521912,1.127118644,0.902255639,11215.19531,11402.11523,11589.03516,373.8398438,0.507698076,0.529026117,0.660406445,0.724864582,0.130843945,0,0,0,6327.66158,11371.53249,23008.95229,-19671.09654,-1.169683258,0,0,1,2,1,0,2,1,5,1,6,0,51.78571429,25,23.21428571,4,0.167,0.011,15.18181818,0.066,0.087584245,0.02,19.04761905,0,0,0,0,0,0,0,0,0,0,0,0,0,0,0,0,0,0,0,0,0,0,HIWhist.model,0,0,0.014666667,0.082666667,0.085333333,0,0.036,0.016,0.489333333,0.188,0.088,0,(Fa-Gg-Gm-Pc-Pe-Pm-Sa-Sb-Sc-Sl-Tt-Zc-),
sel.3167.ch02.241003.153700.98.C.1600.F.wav,C:\Users\kepar\Desktop\trace_02132025\15_new_new_subset_to_trace\Encounter37-sel-Channel0-20250214_204218.wav,42:18.4,42:18.5,37,1600b,95703,null,null,null,null,null,null,Ambig,12149.79492,11495.5752,0.132,11775.95508,12149.79492,654.2197266,0.44854027,0.200668929,11678.9005,130.7925836,11682.49512,11822.68506,0.055335968,1.056910569,0.969230769,11589.03516,11589.03516,11682.49512,93.45996094,0.483194534,0.419586821,0.427350903,0.463078684,0.056075977,0,0,0,2554.572266,11900.56836,22586.15723,-23364.99023,-0.966666667,0,0,1,2,1,0,4,3,1,1,2,0,48.48484848,33.33333333,18.18181818,8,0.043,0.006,7.166666667,0.016714286,0.01216161,0.015,60.60606061,0,0,0,0,0,0,0,0,0,0,0,0,0,0,0,0,0,0,0,0,0,0,HIWhist.model,0,0,0.048,0.098666667,0.08,0,0.072,0.046666667,0.364,0.109333333,0.181333333,0,(Fa-Gg-Gm-Pc-Pe-Pm-Sa-Sb-Sc-Sl-Tt-Zc-),
sel.674.ch02.241003.150110.61.C.350.F.wav,C:\Users\kepar\Desktop\trace_02132025\18_new_subset_to_trace\Encounter75-sel-Channel0-20241003_150101.wav,01:01.0,01:01.2,75,350b,95703,null,null,null,null,null,null,Sc,12430.1748,11028.27539,0.151,11215.19531,12430.1748,1401.899414,0.328745084,0.074687753,11505.24347,367.3963485,11495.5752,11729.2251,0.119521912,1.127118644,0.902255639,11121.73535,11495.5752,11589.03516,467.2998047,0.357744475,0.385820334,0.276309764,0.290962991,0.140189941,0,0,0,8376.428472,14607.09253,24751.48416,-17445.85938,-1.418759812,0,0,1,2,1,0,2,2,3,0,3,0,62.06896552,27.5862069,10.34482759,4,0.08,0.011,7.272727273,0.043,0.034770677,0.038,26.49006623,0,0,0,0,0,0,0,0,0,0,0,0,0,0,0,0,0,0,0,0,0,0,HIWhist.model,0,0,0.037333333,0.065333333,0.054666667,0,0.033333333,0.030666667,0.476,0.184,0.118666667,0,(Fa-Gg-Gm-Pc-Pe-Pm-Sa-Sb-Sc-Sl-Tt-Zc-),
