Minute,Call_rate,Speed_average,Depth_average,Tag_num,Dive_state_mode
18,14,1.87840490426827,13.8464732664054,2,1
19,55,1.08076409517594,27.0747549127049,2,1
20,37,1.19515467863836,18.3819973045693,2,2
21,20,1.14124043035442,16.8936267035626,2,1
22,11,1.12396330277716,25.2837884267956,2,2_to_1
23,2,1.22848230834235,8.97404269250916,2,1
24,20,1.27259538517778,13.0649177150393,2,1
25,8,1.06836372009485,19.4263245480825,2,2
26,3,1.12892035434402,7.22486752259545,2,2
27,11,1.44612990033371,10.7093636903979,2,1
28,7,1.14284459624732,21.3064768008847,2,1
29,24,1.9952506926553,29.5758370747742,2,2
30,17,1.71558313147707,14.527951868412,2,1
31,7,2.55342374268628,14.5814979939329,2,1
32,18,1.65664922479209,20.1355391371506,2,3
33,24,0.999314968894791,13.4708932395678,2,2
34,42,1.01096817495231,7.33097798739699,2,1
35,6,1.1458103084325,5.4327035265682,2,2
36,18,1.61298885516269,13.1419860407099,2,1
37,8,1.62650769655101,5.93672946867209,2,0
38,24,1.42047662675111,12.7470161356087,2,3
39,16,1.39705665246294,1.40012979475399,2,0
40,22,1.66586288568882,9.56385818320809,2,1
41,22,1.66982293105462,9.57202969012553,2,1
42,8,1.08246615946359,11.4380198039804,2,2
43,10,1.38396577189252,3.43577765097302,2,1
44,34,2.08026879640528,6.3657259976096,2,1
45,31,1.49693645896908,7.16504051602063,2,2
46,17,2.03331812974185,4.64202494404148,2,0
47,12,1.93453992711197,2.60019709835686,2,0
48,5,1.58212854831908,6.42966171782947,2,2
49,10,1.38593634136,9.25701818760481,2,2_to_1
50,10,1.43029360814143,7.41374350844394,2,2
51,27,1.57502376238002,4.69184647220673,2,1
52,13,0.84547240261531,13.973502799512,2,2
53,22,1.27339954871823,6.91055435383941,2,2
54,16,1.74162195579906,6.66511511485438,2,2
55,16,2.03873216179191,4.31534566367899,2,3
56,14,2.74231248428346,3.39946029219635,2,2
57,9,3.5119026524584,0.782999146849291,2,0
58,5,3.5994020868514,2.91232568318119,2,0
59,32,2.27895038269551,5.36320503502362,2,2
60,23,2.67680333107965,1.41964098638429,2,0
61,14,2.08350791559523,1.36825646008325,2,0
62,7,2.49701582537275,1.24468074345323,2,0
63,0,2.51132439143269,0.812589127419642,2,0
64,10,2.52306319241051,1.4302564431416,2,0
65,18,2.13686337927424,2.3029881666997,2,0
66,5,2.52068267486921,1.0031110069247,2,0
67,2,2.62642276832627,0.752226696099272,2,0
68,5,2.59317599070848,0.829707126632515,2,0
69,5,2.63737640453445,0.728302669125125,2,0
70,1,2.62948646796921,0.663697952169778,2,0
71,8,2.95891687263475,0.905067659317204,2,0
72,2,2.89523760718897,0.714949139759633,2,0
73,3,2.95296069079908,0.666946811809472,2,0
74,0,3.08707526859986,0.441655478495043,2,0
75,0,3.0114753506284,0.463887748771514,2,0
76,0,2.97495573893116,0.61427409788237,2,0
77,1,3.0517716854417,0.482005204906444,2,0
78,5,3.10016266371754,0.509980570696384,2,0
79,7,2.89640261686897,0.676870695199647,2,0
80,1,2.97075801894993,0.465706597122202,2,0
81,17,2.64416819254578,1.72451410623538,2,0
82,5,2.87743840877249,0.53373936537597,2,0
83,0,2.79998606058225,0.741883330194484,2,0
84,0,2.82617467854378,0.834423691073206,2,0
85,13,3.07319357095116,0.406702732303763,2,0
86,13,2.84919225781307,0.853240516763957,2,0
87,14,2.81346231255662,0.848000985257534,2,0
88,15,2.75436001343216,0.772838933047437,2,0
89,11,2.96467875370277,0.674013858484749,2,0
90,17,2.75110019973307,1.13456088376759,2,0
91,7,3.05237432477992,0.419987298494537,2,0
92,7,2.89080328736271,0.615845336612353,2,0
93,12,2.97374732232205,0.466957653803641,2,0
94,8,2.63506491607437,0.58684157366608,2,0
95,6,2.67594353239106,1.05116495708234,2,0
96,12,2.01308815478007,2.69386127744345,2,0
97,13,2.62874883837489,0.707172598429476,2,0
98,9,2.58233015342866,0.889222127506647,2,0
99,7,1.92300733529128,1.88844261917269,2,0
100,7,2.13102059703844,1.37936575739603,2,0
101,6,2.27905445934762,1.04177207144545,2,0
102,1,2.19936042838516,1.06779873840437,2,0
103,17,2.83910128366057,0.783860242877141,2,0
104,17,2.76480581396811,0.989077170860257,2,0
105,11,2.84656752710825,0.405694643519091,2,0
106,10,1.75090384635751,8.8526800713555,2,3
107,8,1.3907726380408,5.47376244623137,2,2
108,11,1.92563477705698,1.83191307791449,2,0
109,25,2.06316918479121,2.98704659557295,2,0
110,9,2.88309834601119,0.645126146778196,2,0
111,9,2.53622944396373,1.00371441115956,2,0
112,13,2.6556480781071,0.689036199359914,2,0
113,5,2.77042732769086,0.600971400193939,2,0
114,2,2.02198888726532,1.55385034574281,2,0
115,16,2.87898223139568,0.789450489537994,2,0
116,10,3.06732565325281,0.53967687693145,2,0
117,3,2.91234048489149,0.753612729708156,2,0
118,6,2.69553628877124,0.900789139081782,2,0
119,1,3.00126232616084,0.705031117966314,2,0
120,0,3.15613011223458,0.585368984572541,2,0
121,0,3.16268499240969,0.425898644855152,2,0
122,0,3.00618390118108,0.782080709710535,2,0
123,0,2.76395959857323,0.970274968518611,2,0
124,9,1.14845528511361,13.5560657009794,2,1
125,22,2.60088668382542,4.27824938682345,2,0
126,11,2.98750660568565,0.553720121465621,2,0
127,3,3.18506968781569,0.575136677470444,2,0
128,0,3.04059362024616,0.621919907855849,2,0
129,0,2.92606237282371,0.74378418017024,2,0
130,0,2.91669254220736,0.63948555006261,2,0
131,0,2.92782275526569,0.728725907879741,2,0
132,0,2.77679305258159,0.588983495511825,2,0
133,2,2.92674943254662,1.07216557819638,2,0
134,7,1.94241894699661,2.20011282990762,2,0
135,70,1.11587276193891,14.745141961175,2,1
136,56,2.19683032726778,7.64579050444133,2,1
137,23,2.92561346582054,1.78033405972532,2,0
138,23,2.58120986885319,1.35015595611657,2,0
139,15,1.748037050936,2.45961275911009,2,0
140,12,2.67063878248439,1.28947105186473,2,0
141,27,2.77936192002648,1.24524031167428,2,0
142,51,1.92044899424087,6.79250676264695,2,0
143,51,1.45544731597217,8.67038891429405,2,2
144,40,1.06989439789362,2.59474552886323,2,0
145,24,2.4971503610207,1.54833174227869,2,0
146,11,3.70214099904162,0.0286580163040146,2,0
147,19,3.42456158664908,0.377577606344174,2,0
148,13,3.37640220104224,0.408853113290226,2,0
149,24,3.27198966577712,0.710056111386379,2,0
150,15,3.40742804660175,0.491995691837155,2,0
151,4,3.42550713336158,0.365272235533207,2,0
152,6,3.3571076799291,0.427601551286392,2,0
153,2,3.20065274290146,0.797560263309951,2,0
154,0,2.92524181648713,0.870058369188756,2,0
155,0,3.36584719911408,0.396652977771815,2,0
156,0,3.50152606374814,0.252558638196473,2,0
157,0,3.19877347173355,0.548942264077409,2,0
158,0,3.15048575277372,0.727061650749153,2,0
159,0,3.45548199240638,0.399515825392922,2,0
160,0,3.13268967346964,0.560122177203066,2,0
161,0,2.97132604909133,0.723760455779157,2,0
162,0,3.20403553535661,0.40312917234734,2,0
163,0,3.10976483723936,0.765030115102478,2,0
164,6,3.48672525644485,0.827407715790567,2,0
165,10,3.42479729494879,0.469637890175146,2,0
166,0,3.27890247843161,0.532403631379271,2,0
167,0,3.37112445576747,0.726770888574339,2,0
168,3,3.67864325632225,0.574279809567049,2,0
169,1,3.89112759663514,0.375209271867539,2,0
170,0,3.52747580451863,0.319204857398254,2,0
171,0,3.51828775195493,0.397991382365174,2,0
172,0,3.74336698114452,0.507032584673821,2,0
173,6,3.66089586910043,0.293747623619089,2,0
174,2,3.74538700593468,0.231212197662129,2,0
175,32,2.80517371398274,3.18836772821709,2,0
176,15,2.76493717684208,4.79979064472198,2,0
177,10,3.72418856459981,0.631686290123341,2,0
178,5,3.80973804631638,0.549047457014103,2,0
179,3,3.82540967322273,0.461839420891334,2,0
180,3,3.52815150440599,0.948345173804374,2,0
181,0,3.66350313807729,0.428516270514236,2,0
182,0,3.63899616169472,0.653712046690359,2,0
183,0,3.51379811433309,0.668504658567561,2,0
184,0,3.40390338364157,0.733747362115246,2,0
185,0,3.36744367529858,0.742478376740412,2,0
186,9,3.40280023269299,1.00554179007567,2,0
187,34,1.74428051779238,7.42012583567469,2,3
188,14,2.84927301563341,2.41921153890356,2,0
189,16,2.1440468155158,3.03366760206136,2,0_to_1
190,26,1.36945679410228,6.02539092678658,2,3
191,7,3.02665919514493,0.794804888267254,2,0
192,11,3.20068723441361,0.919717591632771,2,0
193,4,2.99764150651965,0.678720826568007,2,0
194,3,3.22694858789971,0.816549180396468,2,0
195,0,3.667226158468,0.418448236445445,2,0
196,0,3.18633424133437,0.958025414329143,2,0
197,0,3.25890822674618,0.855880423886526,2,0
198,0,3.31337079094408,0.757691874682839,2,0
199,0,3.39843114702715,0.732747406982392,2,0
200,0,3.51498286777522,0.618210621308952,2,0
201,3,3.37705303184731,1.00705655514336,2,0
202,0,3.55310324566356,0.634798053586158,2,0
203,0,3.44878094529817,1.09022267914333,2,0
204,12,3.57391732565269,0.85204938402335,2,0
205,34,1.3830204410049,8.54838909750687,2,1
206,17,1.93249575452587,7.14400262879218,2,2
207,5,1.67302320093034,4.76196769677204,2,1
208,11,1.61226374130073,6.27204101455412,2,2
209,19,1.07040085082316,6.07456075137809,2,2
210,28,1.14956088515784,4.39787328632956,2,2
211,6,1.65967233558462,6.00801936323136,2,1
212,11,1.78985010378891,8.50377663296259,2,3
213,16,1.22086945683242,12.9777843790283,2,3
214,1,1.57654433870086,5.22334828927084,2,1
215,5,0.78021101128837,14.0165453463951,2,3
216,5,0.908944983695474,8.25040470219926,2,2
217,24,1.09500835531677,8.27072990681917,2,1
218,27,0.933133769002376,15.2076905907958,2,3
219,10,1.64508964277423,8.69597901076493,2,1
220,11,1.37266885605404,7.93532444896778,2,2
221,13,1.10133449795957,14.3033417795342,2,2
222,11,1.64255913189783,4.20374531457716,2,0_to_2
223,12,2.02123801170207,9.72457911502136,2,3_to_1
224,8,0.930977046834581,5.46135318761364,2,2
225,0,1.26164741773394,3.15613186291824,2,1
226,0,1.34506606708343,3.30102324611618,2,2
227,7,1.2898586040093,4.17361848854097,2,2
228,0,1.26290928274678,3.08821130614865,2,2
229,0,1.3932762435075,4.44557243973117,2,1
230,0,1.41528992195213,4.49278792077344,2,2
231,5,1.29027659649342,5.62520130709461,2,2
232,0,1.58849187517808,3.00417682043542,2,0
233,8,1.52714383907671,4.36811551921081,2,2
234,0,1.35999208079187,3.86027245252032,2,2
235,0,1.40568617734431,4.69940955995902,2,2
236,0,1.39606127975099,6.2485578166177,2,2
237,0,1.56843203743843,3.96440170638537,2,2
238,3,1.47867936527578,6.62432284039052,2,1
239,7,1.49068997354141,5.59710371981672,2,2
240,1,1.70794087212618,4.05754940388613,2,1
241,1,1.10598531065346,11.6274561566019,2,3_to_1
242,0,1.71718101856887,6.59807313698548,2,2
243,0,1.62867212467788,3.56612564761602,2,2
244,0,1.68310365421014,6.66859134336269,2,1
245,0,1.5574372404799,5.80466527523325,2,2
246,0,1.44546300887975,5.65932423920517,2,2_to_1
247,0,1.57991330918631,4.39876987168395,2,1
248,0,1.58446175951913,6.22987158363775,2,2
249,0,1.70323145802754,5.07858400521702,2,2
250,0,1.73404779452481,5.23557635960623,2,2
251,0,1.62122412021628,4.80664856342846,2,2
252,1,1.53475725607301,9.88848285607335,2,1
253,1,1.17845079542974,7.0668125004106,2,3
254,9,0.888596453392438,4.97587567680406,2,1
255,0,0.792327924424707,6.2300542715387,2,3_to_2
256,0,0.784619423498077,6.73198462264769,2,1
257,0,0.890521008603107,3.15441781054377,2,2
258,0,0.788995178263481,7.78270075228255,2,1
259,0,0.746946606743398,7.89437312125842,2,3
260,0,0.872844709940723,4.07311611403846,2,2
261,4,1.2400417156211,2.60235082863135,2,0
262,0,2.54336844852884,56.5064115319868,2,1
263,6,1.60732335285792,78.2421062709026,2,2
264,1,0.944766244626238,21.8097561943564,2,2
265,11,1.13766926260058,11.347883249277,2,2
266,0,1.14379633993193,1.74259123952146,2,0
267,0,0.937801643370293,5.58709759362118,2,1
268,4,1.22623159307346,9.95027185406801,2,3
269,0,1.00826638349805,8.21634313939667,2,2_to_3
270,0,0.946828733999223,4.94139389785495,2,0_to_1
271,2,0.846013064639771,11.3615485445009,2,2
272,0,1.0700615588018,5.40927817764336,2,1
273,0,0.977248551828118,8.34511183037606,2,2
274,0,1.08729745810995,7.87469377977331,2,1
275,0,1.18914027821804,5.25228097257671,2,2
276,0,1.08923529799735,11.5107968613646,2,1
277,0,1.21924955944964,4.88829869094785,2,2
278,0,1.23314988770591,10.9243019729274,2,2
279,0,1.31662132719378,5.28022717425064,2,1
280,0,1.32302504525454,9.23963433371347,2,2
281,0,1.35645798815869,7.27286561214576,2,1
282,0,1.40082988765334,10.5413565920845,2,2
283,0,1.41642544937497,4.86704183089566,2,1
284,0,1.51611929622328,13.0772755056661,2,3
285,0,1.37963551913182,4.434641433748,2,2
286,0,1.19302313015409,12.613073198721,2,1
287,0,1.43767274008139,6.08860395515037,2,2
288,0,1.28692926991967,14.7729846806677,2,3
289,0,1.40986779090293,8.89595673236997,2,2
290,0,1.38577107790046,5.50410434201253,2,1
291,0,1.40587383388485,15.8767463397375,2,3_to_1
292,0,1.38286794756712,8.47092358124743,2,2
293,0,1.37767982565553,5.21746045749805,2,1
294,0,1.45420776638814,13.8611657008463,2,2
295,0,1.44412682378657,5.42171954357992,2,1
296,0,1.37048451940232,15.6215969883568,2,2
297,0,1.4176866099993,6.84988387079777,2,2
298,0,1.37263123875187,7.17872520676351,2,2
299,0,1.63999456247817,7.68095241260181,2,1
300,0,1.63348467055187,14.7736372918674,2,3
301,0,1.50201138826174,5.78018189578173,2,2
302,0,1.49482074605247,10.7593531667814,2,2
303,0,1.25852797330872,4.80048713914525,2,1
304,5,1.12954699373291,5.08886142064796,2,2
305,0,1.22430705477254,8.01595593089591,2,2
306,4,1.20799103280186,4.96096500054925,2,2
307,0,1.26470954690668,7.60914641364128,2,2
308,0,1.18204763763807,4.32560849819138,2,1
309,0,1.03377327973377,6.13699227356541,2,2
310,0,1.04218106287361,5.80920655318383,2,2
311,1,1.06116690964748,5.60602163654805,2,1
312,0,1.0888742187129,5.97118572127026,2,2
313,0,0.891185623104037,4.13756061771798,2,2
314,0,1.17198108488384,12.1023277804004,2,3
315,0,1.18443535559012,6.35336996662726,2,2
316,0,1.29793257334804,10.7109949524851,2,1
317,0,0.967248384189994,11.1889804429939,2,2
318,0,0.945354716405764,4.64634023855642,2,2
319,0,1.00150754358474,4.15469635566256,2,1
320,0,0.947204582405793,7.23533034385314,2,2
321,0,1.06181346162534,10.3948123463425,2,1
322,0,1.14805663519503,5.94655245430707,2,2
323,0,1.11675594690311,11.6003666752066,2,2_to_1
324,0,1.2514812978656,5.24004947835869,2,2
325,0,1.17429012151439,12.3770722564804,2,3
326,0,1.20920875266028,4.01988774738289,2,2
327,0,0.973072265723288,7.78498215038019,2,2
328,2,1.00011821466294,3.41968845591253,2,1
329,0,0.956516382835449,6.66576402332697,2,2
330,0,1.0245882092085,9.71122833965354,2,1_to_3
331,0,0.962445947249071,4.50951998945381,2,2_to_0
332,0,0.946629359728902,9.28880418692812,2,1
333,3,1.1681454005682,10.4935735060974,2,2
334,7,1.55488902466375,6.51425341876871,2,1
335,0,0.931424331902069,8.0332789446854,2,2
336,1,0.91144899886048,2.95371584443981,2,2
337,0,0.835793423660388,8.1557732398814,2,1
338,1,1.02867267933708,5.18326753534265,2,2
339,0,0.987801352969944,3.01784301860846,2,0
340,6,0.850427631364771,10.7288192002271,2,1
341,1,0.903586745627523,6.73960952526901,2,2
342,3,0.917604388795052,3.83099280859268,2,2
343,0,0.925952126928322,1.9010659676191,2,0
344,1,0.858032273917921,11.3792051109161,2,3
345,0,0.873195014414815,9.01174113802792,2,2
346,0,1.01078348384645,4.58748749757862,2,1
347,0,0.860677082688852,11.4816767186982,2,2
348,0,0.899909318837548,5.60450366457697,2,2
349,0,1.00001993300298,1.72439776184317,2,0
350,0,0.834808952516937,14.1677248493462,2,1
351,0,0.944013757878131,12.8942759958598,2,2_to_3
352,0,1.05471566272459,4.222868247204,2,1
353,0,0.914400669446433,8.01565027904132,2,2
354,0,1.01315353985315,8.0934227173069,2,1
355,0,0.932049114054729,12.0885243682213,2,2
356,0,0.967288472971611,4.12386665627655,2,2
357,0,1.05095406066276,5.27699751082428,2,1
358,0,0.935740400346211,13.4561358885355,2,2
359,0,0.919827335243399,6.17054142680694,2,2
360,0,1.01635796776686,4.12311482849736,2,2
361,0,0.920094732892078,12.3366638056424,2,1
362,0,0.95960949377818,8.85563484562417,2,2
363,0,1.00823732072948,6.94630301814265,2,1
364,0,0.946193680621783,11.6065487365817,2,2
365,0,1.0115103920373,4.1019174788399,2,1
366,0,0.960064808208663,7.30205495692007,2,1
367,0,0.998728110203962,7.19908430407149,2,2
368,0,0.864098280829025,12.7758435813765,2,3
369,0,1.01609445495083,6.91073412276688,2,2
370,0,1.05150623050379,7.47934182191008,2,1
371,0,0.914120670040292,14.8979576182214,2,3
372,0,0.971938539772272,12.8913916902648,2,3
373,0,1.07406321778078,2.73239574624154,2,0
374,0,0.905273016426969,12.772945316625,2,1_to_3
375,0,0.982259549827843,12.901542072876,2,2
376,0,0.993701502540757,3.7687609696845,2,2
377,0,0.990595151122582,8.4569311916443,2,1
378,0,0.891258994710088,14.3611445497082,2,3
379,0,0.935058472739577,12.6652591910297,2,3_to_2
380,0,0.961121836382096,5.27152830854766,2,2
381,0,1.10500434410976,4.70524591673787,2,0_to_1
382,0,0.881443235378723,15.6435527756256,2,3
383,0,1.00731388328029,14.9089583144612,2,3
384,0,0.969172783680586,10.2516712008006,2,2
385,0,1.07560742509211,3.76049858138286,2,0
386,0,1.03412696066794,5.41922417510378,2,1
387,0,0.856485251251627,14.5067228599468,2,3
388,0,0.969838424501473,14.3171424916208,2,3
389,0,1.02357707160651,9.79710115240271,2,2
390,0,1.1115009184142,9.03867421325491,2,1
391,0,1.03454680611409,13.2027932900954,2,3
392,0,1.02145457286474,8.21932509366773,2,2
393,0,1.1341179533696,3.03455820008141,2,0
394,0,0.985394298081034,15.0895918008632,2,3_to_1
395,0,1.06303384356958,13.6886583679936,2,2_to_3
396,0,1.16789225508769,6.30494429948239,2,1
397,0,1.03835641225216,14.211951703735,2,3
398,0,1.06118854529459,13.0104871688563,2,3
399,0,1.0288844719134,5.55647085679956,2,2
400,0,1.09966252851524,2.49682970215176,2,0
401,0,0.995838271466322,14.6369711953007,2,1_to_3
402,0,0.965642127137067,15.8626109298321,2,3
403,0,0.983852240694247,13.2285605144769,2,2
404,0,1.14366750291797,4.31904869487556,2,2
405,0,1.07169254698699,12.3736086731158,2,1
406,0,1.06321088511565,15.442260488711,2,3
407,0,1.04883608121984,13.4059949422076,2,2
408,0,1.16394329166871,3.94072679011303,2,0_to_2
409,0,1.10789196600309,8.6669231422679,2,1
410,0,0.946185785975899,17.2090226881654,2,3
411,0,1.02191111082019,16.2819007690186,2,3
412,0,1.10306057019605,5.60217958302947,2,2
413,0,1.11976062354592,12.1534701651549,2,1
414,0,1.03030753291319,15.8553325314059,2,3
415,0,0.997769538184029,13.5809850762131,2,2
416,0,1.15365110941981,2.84328311354686,2,0
417,0,0.962425005898885,15.5233647405549,2,3_to_1
418,0,0.975366267865996,15.9145602629507,2,3
419,0,0.974831011655628,12.6234045864661,2,3_to_2
420,0,1.19945091103963,2.19720177539434,2,0
421,0,1.08735481965655,16.5650660834218,2,3
422,0,0.998786486151579,11.5439888373654,2,2
423,0,1.1021509880303,8.58729246123543,2,1
424,0,0.960177669591364,15.9694042538414,2,3
425,0,1.03200448609774,9.42408710815645,2,2
426,0,1.01681473077427,3.29963627733813,2,1
427,0,0.817723711927321,14.7672732217489,2,1
428,0,0.922355728952848,14.9358268738045,2,2_to_3
429,0,1.05442276116038,4.83201008051849,2,2
430,0,0.848525923076857,14.9286617684099,2,3
431,0,0.982878231242847,9.88652227739753,2,2
432,0,0.975504567995525,9.24831604106685,2,1
433,0,0.900370389125583,15.5370670237402,2,3
434,0,0.917086287930791,14.1267488309507,2,2_to_3
435,0,1.04553502402008,4.26150375173511,2,2_to_0
436,0,0.984269207905457,8.69724398728514,2,1
437,0,0.864444595470959,13.844227702682,2,2
438,0,1.07333659409497,5.38341358392568,2,1
439,0,0.881286534417227,15.4376496301153,2,3
440,0,0.923543861234063,8.16499375483208,2,2
441,0,0.923677431528166,11.9407130327667,2,1
442,0,0.807033767862827,16.3652292661282,2,3
443,0,0.853907353588115,15.826421032385,2,3
444,0,0.996968903299404,7.21654471355192,2,2
445,0,0.925855371610589,10.6235425995841,2,1
446,0,0.78438386220456,14.7008188516004,2,3
447,0,0.955133781895647,9.57208366733525,2,2
448,0,1.01362108435718,0.985347257544315,2,0
449,0,0.904108790725732,13.3102021145515,2,1
450,0,0.823052260744609,15.7831153912476,2,3
451,0,0.855049080428064,13.6290066453051,2,2
452,0,1.03773290264396,5.6904616539523,2,1
453,0,0.799116823997816,17.4953611271509,2,1
454,0,0.84825811241129,17.2179418380466,2,3
455,0,0.855042719746896,14.8142091550542,2,3_to_2
456,0,1.02374635425068,3.10979519005354,2,0
457,0,0.762814562219884,15.4802599893291,2,1
458,0,0.837274497548307,16.5927860902882,2,3
459,0,0.815540794760749,13.2505772361734,2,2
460,0,1.08914678612931,3.21795587675737,2,0
461,0,0.770045641469265,16.0316331456498,2,1_to_3
462,0,0.824046493510474,16.7595616183872,2,3
463,0,0.994719587628184,5.52991140853545,2,2_to_0
464,0,0.780517071354241,14.1069965904287,2,1
465,0,0.832729459576935,16.4383895053438,2,3
466,0,0.891551452328573,9.37509536155753,2,2
467,0,1.01707137215325,4.21963395238329,2,0_to_1
468,0,0.782347453641042,15.2566033802367,2,1_to_3
469,0,0.802237983683804,13.3138851048712,2,2
470,0,0.96645475974717,7.42260368139187,2,2
471,0,0.937429116439894,5.48650052491894,2,2
472,0,0.957651281085755,11.6557988066617,2,1
473,0,0.887515289326087,9.32852755267681,2,2
474,0,0.932418160625693,7.41573510220937,2,1
475,0,0.774740242988215,14.9396671329253,2,3
476,0,0.786336354276357,14.9823682473009,2,3
477,0,0.814135015187592,11.4265884733964,2,2
478,0,1.06183595879826,4.02468146769328,2,0_to_1
479,0,0.793619029867872,15.3339374161383,2,1
480,0,0.785848401025495,15.8766506544094,2,3
481,0,0.813948977554896,10.5701961799196,2,2
482,0,1.05852402004327,3.93451555990251,2,0
483,0,0.754928417870837,16.290008947114,2,3_to_1
484,0,0.813721461633916,16.9331686174989,2,3
485,0,0.811478305273033,16.7707137323847,2,3
486,0,0.930700229330418,6.62774127071221,2,2
487,0,0.923445328503426,7.93102299750772,2,1
488,0,0.784744057533425,15.0391639997942,2,3
489,0,0.833106313274476,14.6101528297378,2,2
490,0,1.04536672759914,4.65581489296429,2,0
491,0,0.764770006638852,15.9343797284861,2,1
492,0,0.806976781496817,17.2364551986921,2,3
493,0,0.865091554341825,16.6323667803178,2,2_to_3
494,0,0.977864074565737,3.62218263636315,2,0_to_2
495,0,0.898061693765938,10.890409578424,2,1
496,0,0.775597497859156,17.2698351161787,2,3
497,0,0.820428903436511,18.060199112807,2,3
498,0,0.842226644595404,17.0496935939684,2,3_to_2
499,0,0.88280312394537,6.53521900623414,2,2
500,0,1.13396431620747,2.10446614220775,2,0
501,0,0.795824798203154,16.9961292785248,2,1
502,0,0.95933135965089,18.0347699374443,2,3
503,0,0.92787823433986,17.994815418506,2,3
504,0,0.943131908568098,14.9291245463725,2,2
505,0,1.07232182019817,2.89307968480893,2,0
506,0,0.888732405538383,8.04324814064372,2,1
507,0,0.995184728359161,3.16781460910677,2,2
508,0,0.77649184782945,13.988231904906,2,1
509,0,0.77716833602024,17.3551781189517,2,3
510,0,1.00913015017549,15.7410087791589,2,3
511,0,0.825411341664356,14.4275436247284,2,3_to_2
512,0,0.954836457661628,2.94777515143149,2,0
513,0,0.919469808127257,11.7927358153035,2,1
514,0,0.989338412275847,17.4948558943644,2,3
515,0,0.818330785620031,15.8568596001148,2,3
516,0,0.814702358095402,11.4199876352042,2,2
517,0,1.00258942632989,2.96995330554292,2,0
518,0,0.792085360792823,14.081298155618,2,1
519,0,0.873539665663177,13.7009949606481,2,3_to_2
520,0,0.896891698764191,6.5346363343394,2,2
521,0,1.01699575245416,3.79886386941297,2,0
522,0,0.889375653859397,17.9967927013424,2,1_to_3
523,0,0.905975975046095,18.6541534539419,2,3
524,0,0.831042581981704,14.9930772759331,2,2
525,0,0.987813416352007,3.09285633361285,2,0
526,0,0.861557247472912,7.29004890282389,2,3_to_1
527,0,1.93613820830622,5.37567345360056,2,2
528,0,1.46672530187533,8.58640904690536,2,1
529,0,1.34326872472285,5.42850010470306,2,1
530,0,1.09311355695202,8.60868888582193,2,2
531,0,0.941600402821795,10.2141643681908,2,1_to_3
532,0,0.784904060579113,10.4293238271294,2,2
533,0,0.997961153158992,1.32152552329769,2,0
534,0,1.04932939935633,15.8478305497387,2,1_to_3
535,0,1.28763876140899,15.892166542927,2,3
536,0,1.2624698501599,11.1968863135818,2,3
537,0,1.37729845800838,2.64604985737681,2,0
538,0,1.44985458381228,12.0369217912593,2,1
539,0,0.799808959645716,13.6009540800905,2,2
540,0,1.50549406343929,5.57324882324806,2,2
541,0,1.5065414345378,13.8949171606041,2,3_to_1
542,0,1.25602209694927,7.73121937158832,2,2
543,0,2.46857657544882,10.81668837873,2,3
544,0,1.46350527822352,12.5487901535288,2,3_to_2
545,0,1.24122629027062,2.46563704024033,2,0
546,0,1.12760062716525,2.13272352821982,2,0
547,0,1.39002067652789,9.92765402117093,2,1
548,0,1.12123194492957,13.6577820051144,2,2
549,0,1.7444820451454,3.27457385085256,2,0
550,0,2.01691437819066,7.22305796831543,2,2
551,0,2.42883706955763,4.73921117575158,2,1
552,0,2.68196519186036,9.89597669531617,2,3
553,0,1.49158588203654,6.7913490753032,2,2
554,0,1.27891790935566,10.4250001543384,2,3
555,0,1.00464429742924,5.46229653628955,2,2
556,0,2.17801080841403,9.08219826566116,2,1
557,0,1.67010197847851,8.50942732927565,2,2
558,0,2.47869619490719,7.40195368295761,2,1
559,0,1.64419508871552,13.5391274609344,2,2
560,0,1.70873133183182,7.49274610198918,2,1_to_2
561,0,0.956719795205733,4.3549964181429,2,2
562,0,1.62982630078297,3.74631455070864,2,0
563,0,1.60295074384385,6.0465157000862,2,1_to_2
564,0,2.02358917930044,10.6950620385207,2,3
565,0,1.70861564621088,4.68026647173075,2,2
566,0,1.38510853455178,3.63046782430163,2,2
567,0,1.67130694057857,8.06541709952259,2,1
568,0,1.07569231053122,18.7796310059209,2,3
569,0,0.99779935135669,13.7143401579763,2,2
570,0,1.3068821146115,3.28561986164146,2,2
571,0,1.28193759066351,13.4116480230792,2,1_to_3
572,0,1.06491707183792,8.64038962957783,2,2
573,0,1.08623915231802,8.39184248734885,2,1
574,0,0.940815521151338,7.45262529387546,2,2
575,0,0.740376823063686,8.39465294956991,2,2
576,0,1.00119979874823,3.27918919571843,2,1
577,0,1.24654722775165,4.94447330324571,2,2
578,0,1.35287225485393,6.99236774943119,2,3
579,0,1.13958218697977,5.39527919930179,2,2
580,0,1.50093756047953,3.83915632098085,2,1
581,0,1.02194420686698,8.5116866512713,2,2
582,0,1.56698906540886,3.25170815887448,2,2
583,0,1.05650037226627,7.94933664729616,2,3
584,0,0.881801575344424,8.68488040618711,2,3
585,0,1.17592389492451,6.19049547226448,2,2
586,0,1.02745500303034,2.49042809866839,2,2
587,0,1.04009563187746,6.69788093311628,2,1_to_3
588,0,0.962250033675014,6.34902371352781,2,2
589,0,1.22105752102605,4.57396809472887,2,3
590,0,0.831877603730897,8.96511615243093,2,3
591,0,1.16465443000995,6.08706056402621,2,2
592,0,1.30120096089948,5.31615724660737,2,2
593,0,1.17584761504663,5.07835334634172,2,2
594,0,1.48109951338513,6.54749308814803,2,3
595,0,1.17724035482909,9.4587461333167,2,2
596,0,1.26830847511635,5.64792067206313,2,2
597,0,1.16429999883905,10.7055502092232,2,3
598,0,1.5414300551633,10.4511727413575,2,3
599,0,1.58273303327509,13.0744799256799,2,3
600,0,1.22650854922326,4.27705053932973,2,2_to_0
601,0,1.2369455860003,9.22431505745509,2,1
602,0,0.91190045530888,8.78882868871912,2,2
603,0,1.07203248129653,4.81190879514814,2,0_to_1
604,0,1.11818391002937,12.486503822523,2,1
605,0,1.19512774374005,5.78250486607341,2,1
606,0,1.13502880258511,9.96021290996963,2,3
607,0,1.8158471653538,9.47667537857424,2,1
608,0,1.35930745405909,12.0766967194223,2,2
609,0,1.01016666681059,1.67853709957967,2,0
610,0,0.819465654108749,9.27539583380058,2,1_to_2
611,0,0.957884952477363,5.08257667677714,2,1
612,0,0.758793347115759,11.2949968232115,2,3
613,0,1.3661037249548,12.1690491413301,2,3
614,0,0.898146670059782,10.8275673582889,2,3
615,0,1.04166377571555,3.03925821497356,2,0
616,0,1.05385623799154,5.67115630316415,2,1
617,0,1.00546723338891,15.4567770915319,2,1
618,0,1.11231055684613,14.3772565850884,2,3
619,0,1.08808722767735,3.61083804958279,2,2
620,0,1.18066772148693,13.2606376872248,2,1_to_3
621,0,1.09438264574463,16.0526208916665,2,3
622,0,1.1056504118191,9.79214218423989,2,2
623,0,1.12254276926778,5.53804318426324,2,1
624,0,1.00815317332118,14.9324209553514,2,3
625,0,0.831997494906249,10.7358720791808,2,2
626,0,0.984207324705566,4.51182905441267,2,2
627,0,1.09536243181116,6.09131650563643,2,1
628,0,0.893842143313303,16.3897270223502,2,3
629,0,1.05991928857489,10.9470419359062,2,2
630,0,1.12780697230769,10.3844023342054,2,1
631,0,1.04043552135386,16.0237522007991,2,3
632,0,1.0036384680554,12.1732304859293,2,2
633,0,1.10258942873858,2.52211019025898,2,0
634,0,0.997957839771793,16.2421801157851,2,1_to_3
635,0,1.00948349426945,15.7835751016832,2,2
636,0,1.00112935383782,4.43989703341124,2,2
637,0,1.01156146712112,8.61669628873925,2,2
638,0,0.982941350886847,4.7607627578937,2,2
639,0,0.826000658887246,14.636103140295,2,1
640,0,0.910017953286228,9.80397187572921,2,2
641,0,1.36523532250301,12.6045756718945,2,1
642,0,1.22586174260127,18.7375747408635,2,3
643,0,0.883934850031133,8.22228770738817,2,2
644,0,1.06264831909883,6.37344528366549,2,1
645,0,0.993257694554107,17.4176036299277,2,3
646,0,1.03473185661078,17.5892419872046,2,3
647,0,1.05577517597542,15.6675164111662,2,3
648,0,1.01362208499861,5.9397223443754,2,2
649,0,1.22609160739994,6.01337110963685,2,1_to_0
650,0,1.42049803358061,18.618206873171,2,3_to_1
651,0,1.69035824103696,21.6681738644607,2,3
652,0,1.38526656987649,19.2175686935742,2,3
653,0,1.29656749958091,18.3268352124928,2,2
654,0,1.11925893997545,9.33149113633757,2,2
655,0,1.07438157240854,1.92367488295259,2,0
656,0,1.19446597134554,11.5726225870361,2,1
657,0,0.909038678146833,18.0341852393387,2,3
658,0,1.01810092226619,19.0090790540623,2,3
659,0,1.17430204025224,17.8073088585083,2,3
660,0,1.31187605247155,15.3334074417537,2,3
661,0,1.23363367010291,12.5065826201502,2,2
662,0,1.26349484969825,1.93556527786349,2,0
663,0,1.39774330901044,7.30823911637296,2,1
664,0,1.49391944994326,18.9605563736048,2,1_to_3
665,0,1.48201621034932,19.9267987283435,2,3
666,0,1.46520750318017,20.0149295664771,2,3
667,0,1.54604045883355,19.119020536752,2,3
668,0,1.60835527341888,16.6220407544689,2,2_to_3
669,0,1.43182678815676,4.28595387704819,2,2_to_0
670,0,1.69346266031051,15.0327268881464,2,1
671,0,1.56348192471992,20.5783479766823,2,3
672,0,1.54526655545822,19.7543683888592,2,3
673,0,1.56519554203954,17.5002411836715,2,3
674,0,1.5781006933024,10.6179604921824,2,2
675,0,1.68103387645976,4.78269744462775,2,0_to_1
676,0,1.57914376603289,19.039150157463,2,1_to_3
677,0,1.59333742026801,17.4653776798173,2,3
678,0,1.57572317924351,12.4692637726714,2,2
679,0,1.62278440996774,2.98431837665645,2,0
680,0,1.41332632624447,17.3703084388956,2,3_to_1
681,0,0.994316823068786,16.8307889431435,2,3
682,0,0.94915530616769,11.7256899437559,2,2
683,0,1.05927491356658,6.58004140484727,2,1
684,0,0.771419405430971,13.8706445216072,2,3
685,0,0.832449613402414,8.80136862620101,2,2
686,0,0.938586299892815,1.45469362402031,2,0
687,0,1.59117804641307,10.1583469092425,2,1
688,0,1.6413350396128,17.7584407708866,2,3
689,0,1.18119234883108,16.6995688504336,2,3
690,0,1.48636820228448,17.5584748501336,2,3
691,0,1.02218746577984,10.9130929484908,2,2
692,0,1.20309249647138,2.51916784592509,2,0
693,0,0.845299524393837,17.0557026936199,2,1
694,0,1.12516454712088,18.5224118481909,2,3
695,0,0.990020767445746,18.0714878100497,2,3
696,0,0.89613879140215,8.38667435339632,2,2
697,0,1.0450581738566,0.967476025045754,2,0
698,0,0.954449081654965,15.9137316087389,2,1_to_3
699,0,0.966671488283199,21.1266671833738,2,3
700,0,1.00050891204712,21.8313089147646,2,3
701,0,0.995678000001222,16.0997257405564,2,2
702,0,1.20080308965306,2.33234523066073,2,0
703,0,1.05028577838316,17.7011335490522,2,3
704,0,0.927110224807592,20.3769516358297,2,3
705,0,1.09851211050868,20.7663825984794,2,3
706,0,1.09431901426936,16.8767622936313,2,3
707,0,1.17227276578995,5.63045013799949,2,2
708,0,1.40563371325656,9.02601890655263,2,1_to_0
709,0,1.03332095554013,21.7144441748288,2,3
710,0,1.08298740048244,22.917335471341,2,3
711,0,1.02215673522742,19.6628690063806,2,3
712,0,1.14131021816627,9.97033103713209,2,2
713,0,1.22227920146966,6.34395066719791,2,0_to_1
714,0,1.19614302766497,21.1819287193992,2,3
715,0,1.24126202643368,19.3759793441418,2,3
716,0,1.07855930560764,20.6153306672196,2,3
717,0,1.10503330405033,17.740151769438,2,3
718,0,1.29109802784968,9.08479969966578,2,0
719,0,1.29932072303683,1.63512656054877,2,0
720,0,1.20365973862122,11.4710987672094,2,1
721,0,1.39301193661674,21.93752162613,2,3
722,0,1.20915551157595,21.0152600729251,2,3
723,0,1.07044798692931,19.3756123296948,2,3
724,0,0.984739635006519,13.2991228480077,2,3
725,0,1.04748159025772,5.14876555971363,2,2
726,0,1.01897691671397,3.6790204275204,2,0
727,0,1.20250536918881,8.29305100346724,2,1
728,0,1.45904011515168,10.4026674537969,2,1
729,0,1.0602763790984,15.7948279096718,2,3
730,0,0.751166196165467,11.9749804160776,2,3
731,0,0.84553892096973,5.61321948113445,2,2_to_1
732,0,0.858682702457526,3.00668037227985,2,2
733,0,0.900862445601747,7.3887855173048,2,2
734,0,0.994691632439568,4.37790611511657,2,1
735,0,0.74610911140068,8.67372139879648,2,3
736,0,0.754950837683446,7.43534217242205,2,3
737,0,1.09013842698385,6.77517442129248,2,3_to_2
738,0,0.973137678722748,2.6340266881015,2,0_to_2
739,0,0.836435866514164,11.9368398201064,2,2
740,0,0.952979050865674,7.96089949964249,2,2_to_1
741,0,0.72998419286181,10.1782965240595,2,2
742,0,0.84101042075403,6.33499333443119,2,1
743,0,0.954932174909221,5.51288644642617,2,2
744,0,1.07653985858754,9.69182237669367,2,3
745,0,0.766533500814509,10.439882001008,2,2
746,0,0.862855407862088,6.58094836231262,2,2
747,0,0.932213423880822,6.00323984923401,2,1
748,0,1.08799926870102,5.99818046282814,2,2
749,0,1.68181480400513,7.70138956520203,2,1
750,0,0.756920330345702,13.0638853323181,2,2
751,0,0.813235521278157,10.2685744792371,2,2
752,0,1.08474728085859,3.35493356348974,2,0
753,0,2.12703784102978,2.54614336835693,2,2
754,0,1.42230221010618,10.6652140111983,2,3
755,0,1.30150232469746,7.63006155316794,2,2
756,0,1.93152499213594,2.88965142006667,2,2
757,0,1.83509032087932,5.14733867183972,2,2
758,0,1.80194923443972,4.06991225307498,2,3
759,0,2.91236840396966,6.60430100072984,2,0
760,0,2.08825919264054,15.4380926666083,2,3
1,0,2.62727646010503,2.49688302593461,3,1_to_0
2,0,1.2979724109085,14.1569391285542,3,3
3,1,1.55769678575173,12.9260632676523,3,2
4,5,1.50180971426295,7.17264133721728,3,2_to_0
5,5,1.59138644833764,0.60062330977538,3,0
6,5,1.56807472187485,1.05815470167656,3,0
7,5,1.46437859237954,1.43314358491225,3,0
8,3,1.4811584351648,1.32844991624723,3,0
9,0,1.65065947023428,1.93334734263933,3,0
10,4,1.62114463467572,5.9963370325411,3,1
11,12,1.29165578511622,14.8341834243101,3,3
12,7,2.37847230697896,6.13665105236467,3,2
13,4,1.71151602731155,5.57324669410821,3,1
14,2,2.88027937639727,3.98482310602097,3,0
15,0,3.66605203714911,2.0212506088992,3,0
16,0,2.0019803821093,2.09970659458944,3,0
17,0,3.93633960270846,1.62416240701369,3,0
18,0,3.4174618835501,3.11885043554534,3,0
19,10,1.43951277891873,20.6550934089208,3,2
20,4,1.39987324359781,1.63063494543526,3,0
21,2,1.27042056087754,1.83343442643427,3,0
22,2,1.24254534708426,1.92744273102232,3,0
23,2,1.25187738928364,6.77356979990223,3,0
24,4,1.21557293734832,8.25766894398969,3,2
25,1,2.57064953600084,1.64516760016525,3,0
26,0,2.16058748798979,5.44896151266362,3,1
27,4,1.75398036247384,23.7302407558284,3,2
28,2,1.52085744908218,5.78053524643778,3,2_to_0
29,1,1.52526567220344,1.70218329016683,3,0
30,1,1.52553293075336,13.8642164257526,3,3
31,3,1.39041294980433,14.0651798302017,3,2
32,0,1.64827207719848,1.5541617121491,3,0
33,0,2.96702947631058,1.54882399086452,3,0
34,2,2.25692572820379,20.9718559759949,3,1_to_3
35,0,2.47691044840318,17.2483720076639,3,2
36,0,2.17375505458134,11.0340357446267,3,3
37,2,2.00261774676823,11.6807720425127,3,3
38,1,1.74744372200058,11.1413719659133,3,1
39,1,1.77568411077967,12.4717864462071,3,2_to_3
40,1,1.72106461200189,9.72011568033633,3,1
41,1,1.50370906774893,11.274115288608,3,2_to_3
42,0,1.5151092180491,9.75044825363471,3,1
43,0,1.33458268332608,11.3087536650938,3,3
44,0,1.46663334380205,8.60952851757465,3,2
45,0,1.5245231247729,10.7049781561916,3,1
46,0,1.55628585460238,9.38956097902588,3,2
47,0,1.71205751908615,9.17968159036987,3,2
48,5,1.42318676741784,6.89953524945078,3,1
49,4,2.05865206866813,11.6630194085323,3,2
50,0,2.21926821162332,6.52894618482762,3,2
51,0,1.79006934949973,5.09457599774588,3,2
52,0,1.8356153654667,4.95790743576032,3,2
53,1,1.24817018944009,8.87889001542691,3,1_to_2
54,0,1.37138559645169,6.98952865465196,3,3
55,1,1.77397302084502,5.19111206843176,3,1
56,1,2.14916364750895,10.8061771119648,3,3
57,1,2.50812195201193,17.1566911255028,3,2_to_1
5,2,3.62384483675216,13.1165204062007,4,1
6,11,3.32199249953015,9.8234481233326,4,2
7,29,1.78859148694632,10.7704465023471,4,1
8,23,2.55082848947194,12.3248093493998,4,1
9,22,2.04568347684757,22.2534412262306,4,3
10,9,3.34182422530782,14.8638901657146,4,2
11,15,3.59709641317149,4.53491314515954,4,2
12,21,1.80954596517423,20.2950454084475,4,2
13,22,1.09420782267549,14.5765093367171,4,2
14,15,1.285859908379,10.2221032914869,4,1
15,21,0.997892081575124,18.5677678420701,4,3
16,23,0.914482658676399,20.2876758103118,4,3
17,20,1.1652674110273,12.5636340003823,4,2
18,27,1.28751663270625,4.46126757802543,4,0
19,31,0.948531004621972,21.1317626874624,4,3_to_1
20,31,1.25602419767754,24.0896096101317,4,3
21,33,1.5824680241761,24.4372401298813,4,2
22,17,1.19744742302226,8.59487870942259,4,2
23,20,1.28145373762106,15.0570896711174,4,1
24,29,1.0443523542791,24.9497903145739,4,3
25,63,1.05237161296847,26.0674293812448,4,2_to_3
26,56,1.12784863652032,16.5890199423738,4,2
27,43,1.51919311191418,8.21717967809688,4,1_to_0
28,50,1.24929953369458,24.9727904314943,4,3
29,35,1.0602404748909,23.1557882584653,4,2
30,32,1.39231123496648,8.33447146330886,4,2
31,22,1.29760528144439,22.9793232789577,4,3
32,30,1.32322623803292,20.9736891639676,4,2
33,18,1.54650071652278,12.8585361606157,4,1
34,22,1.49098266657478,23.5923781130094,4,3
35,19,1.60963311221538,30.9803383977754,4,3
36,28,1.30831648747691,24.5715111360831,4,2
37,25,1.50153587373437,10.1108087229114,4,2_to_1
38,19,1.50222485990026,22.4003631668072,4,3
39,33,1.71733767146882,13.7943496965081,4,2
40,17,1.77133393281677,11.9176619096856,4,2_to_1
41,23,1.90127757306275,5.7093021786988,4,2
42,54,1.27534792196022,12.0663676584976,4,1_to_3
43,56,1.19476568363355,15.6129060847127,4,3_to_2
44,44,1.37464726147508,8.42885599622065,4,2
45,35,1.16079907607947,19.8911815374446,4,3
46,42,1.07005678399518,19.3105403880397,4,3
47,45,1.09576025636236,18.7800015241428,4,3_to_2
48,29,1.08760784568088,11.3980543806074,4,2
49,30,1.38210587262746,4.13589018280174,4,0
50,26,0.981891837529225,16.0181357480157,4,3
51,37,1.11759575080986,16.359154662869,4,3
52,54,1.12159406635236,13.2427246308701,4,2
53,27,1.49811926682079,1.16561398949499,4,0
54,35,1.37082508549792,8.80422097130174,4,3
55,15,1.27892348694619,7.747965818667,4,3
56,16,1.41712411646751,3.81822343695946,4,1
57,39,1.40308729950651,4.93868440107024,4,3
58,33,1.55151760782537,9.29237338896458,4,3_to_1
59,45,1.52221857501105,9.42116390001486,4,3_to_2
60,22,1.30062630488639,3.42934414182461,4,0
61,18,1.14615830774898,2.18361896337406,4,0
62,17,1.18798631730447,4.4589983666409,4,1
63,21,1.09235986607247,8.13210687258956,4,1
64,21,1.25306729021143,12.2204014579019,4,3
65,20,1.39320009649184,7.00575298082482,4,2
66,13,2.36453852971882,16.9326005877298,4,3
67,29,1.32284744596165,17.3138425267682,4,3
68,23,1.61639433328208,21.0562151892144,4,3
69,25,1.7988521023095,3.92547045882971,4,0
70,22,2.59688283406629,6.1834231846714,4,2
71,19,2.27462104339049,3.40926099512639,4,0
72,8,2.00573544985764,15.1899274103103,4,3
73,19,0.98279346614943,17.595375809301,4,2
74,11,1.37940247755635,0.986502500469699,4,0
75,7,1.29175265484299,7.95725606962989,4,1
76,10,1.25445364275018,18.8969084000531,4,3
77,4,0.985352038193582,9.21780201521282,4,2
78,7,1.16890759709705,1.04335320248499,4,0
79,59,0.949823898805397,12.8444767216805,4,1
80,5,0.932770419683974,15.7735127396171,4,2
81,9,1.05154200509151,5.87935166006993,4,2
82,10,0.877669446029823,14.9705775078218,4,3
83,8,0.883243156530325,14.6824832358845,4,2
84,12,0.928101454374767,6.95635252643003,4,2
85,6,0.989224615869652,8.28687552726762,4,1
86,12,0.900432037969257,10.1568459913147,4,2
87,21,1.09923153953844,9.74081505462259,4,1
88,29,0.915980689843996,19.9859534597148,4,3
89,25,0.940586421129711,18.1145893057992,4,2
90,18,1.16426287189981,7.0919235986423,4,2
91,9,0.905126413733055,18.4271016016321,4,1_to_3
92,9,0.886693988437121,17.9046936334217,4,2_to_3
93,16,1.19048173663153,7.89118807564616,4,2
94,9,0.930655768121153,20.4848627386016,4,3
95,14,0.887970071517393,20.5613382605742,4,3
96,16,0.892403277978159,18.0956628317719,4,3
97,20,1.03850954165066,9.43576697028545,4,2
98,6,1.34502038746545,9.47577419723184,4,1
99,6,1.14737689791656,24.2593362736824,4,1
100,5,1.64867266425184,29.9812671202785,4,3
101,7,2.05803253543713,32.8444745362576,4,3
102,11,1.20987815634826,19.5063085056461,4,2
103,11,1.70198627884632,3.38756405418775,4,0
104,10,1.32672311833358,20.3051904695221,4,1
105,25,0.995723489319239,19.5963380714352,4,2
106,19,1.12980603138002,7.83376580272271,4,2
107,24,1.01498072582868,4.20186493889697,4,2
108,6,1.01047880407571,8.33989617915799,4,1
109,4,0.88585743661124,11.1268404674651,4,2
110,8,1.05530822436111,3.00968442174655,4,0
111,20,1.00170221997714,8.00220100227593,4,1
112,11,0.901346909892524,12.3563959251586,4,3
113,7,1.0404031617533,2.62174093323089,4,0
114,22,1.22016029474578,1.98718107494194,4,0
115,14,1.09949494337992,14.3162401356453,4,3
116,8,1.12322427031505,14.6068915808073,4,3
117,7,1.2041516307129,6.61826616389502,4,2
118,4,1.27237576284881,14.3924907321728,4,1
119,7,1.50013969313076,15.0264261706595,4,3
120,7,1.82002843853229,5.16656650505409,4,2
121,17,1.21179549990564,1.61350118983673,4,0
122,39,1.07285191220095,1.42998313794155,4,0
123,21,1.1426053610386,1.14175427154552,4,0
124,36,1.05106443397146,14.0490563085792,4,1
125,3,1.45677562776708,7.82553959245384,4,2
126,13,1.11219360424046,1.46423756764636,4,0
127,8,1.18216881458844,11.752090382645,4,1
128,7,1.14293365387303,16.2477767796762,4,3
129,3,1.2084166488078,6.73455072101949,4,2
130,3,1.69695888254279,12.519740978414,4,1
131,10,1.31534424449335,12.7272909806805,4,2
132,3,1.37166180897382,2.05484033634412,4,0
133,4,1.46127673262418,2.90937429183922,4,0
134,0,1.42294789109455,16.5050658207395,4,3
135,2,1.06691460598093,11.1587966632272,4,2
136,13,1.19183063941488,1.78660096876472,4,0
137,6,1.22283727324205,2.15748499755164,4,0
138,5,1.35699329761833,4.07415019595898,4,1
139,1,1.48132397785531,14.3882572688871,4,3
140,2,1.61124453893822,6.37329604971627,4,2
141,3,2.02010049063426,9.77033013458197,4,1
142,1,1.82986815901809,17.8580376644987,4,2
143,4,1.87230548955588,4.54864010570992,4,0
144,6,1.24294389495561,12.5545940211653,4,3
145,8,1.02442814531818,6.62315864194408,4,2
146,16,1.13368906034637,1.13130245167282,4,0
147,7,1.36554231398073,8.694712255937,4,2
148,3,1.51763900096463,3.0486587318139,4,2
149,0,1.43782174139116,13.5749699043137,4,3
150,9,1.25867691183498,5.49446917487411,4,2
151,12,1.19623878665217,2.14271900468963,4,0
152,29,1.42484719513305,27.3859270755135,4,1
153,15,1.22043223805748,25.0821920755042,4,2
154,10,1.190097452566,4.56828632466793,4,2
155,4,1.28460456809708,5.75960784109102,4,2
156,1,1.41818342647057,2.43019823027267,4,2
157,8,1.60499569966627,2.6787569669693,4,0
158,4,1.22657729733434,13.8410295565965,4,2
159,0,1.41236452550018,3.00383754696497,4,2
160,0,1.47275316275894,3.03684060954985,4,0
161,1,1.40285419619084,13.8449028354478,4,2
162,0,1.4192189971242,4.50542225508131,4,2
163,0,1.88463826603396,9.6026123058771,4,1
164,0,1.44721293522663,12.7279905383002,4,2
165,0,1.51679325996235,1.7856079557178,4,0
166,0,1.66083311800441,7.66412571182132,4,0_to_1
167,0,1.19186450584858,12.4131942988221,4,2
168,0,1.78383319355163,9.74269826582914,4,1
169,0,1.69539683175461,4.72147613200533,4,2
170,0,1.63873514755103,14.8787523811125,4,3
171,0,1.54431220422077,8.99780356995242,4,2
172,0,1.95855558939325,6.49409990382148,4,0
173,0,1.49313731999272,9.85565260980378,4,3_to_2
174,13,1.21819214370567,7.48093620785915,4,2
175,10,1.45730103990212,1.92281400781442,4,0
176,1,2.05025282630519,1.21628136491618,4,0
177,1,2.10603108050678,2.42471055720674,4,0
178,8,2.51758175945073,3.16334412223848,4,0
179,5,1.52968626871979,15.2176587666734,4,2
180,3,1.64736526267215,5.48769600371868,4,0
181,0,1.66259382906598,7.01540592710326,4,2
182,0,1.79339931008701,9.68408364654278,4,2
183,7,2.38387248912971,1.89294404910286,4,0
184,0,2.22687502626722,3.81283627506661,4,0
185,3,1.63539614100715,9.84559848942708,4,2
186,2,2.26165723401886,1.40114022420399,4,0
187,0,2.37906353789447,3.79497025209607,4,0
188,0,1.69473666939401,22.9420387991204,4,3
189,0,1.79363396410182,10.1588781407912,4,2
190,2,2.64787514533146,1.34540754420473,4,0
191,7,2.56821240341545,1.41299659993365,4,0
192,6,2.52724524040073,1.40249144641982,4,0
193,1,1.47947215451468,17.9652954053534,4,1
194,5,1.34779061954024,5.52030256780527,4,2
195,2,2.39807688325812,1.27215840772445,4,0
196,5,2.87841443506042,1.80680271522531,4,0
197,2,2.2616961988747,7.55825230993463,4,1_to_0
198,0,1.36568276779844,26.2009131431889,4,2
199,0,1.84520818742893,6.43695031422719,4,2_to_0
200,0,2.33394903417033,1.31367354157592,4,0
201,0,1.63065235228175,20.9686131700087,4,1
202,5,1.61984811231956,9.24608135258251,4,2
203,4,1.82659850971647,7.5103980339321,4,0_to_1
204,3,1.54836629004361,17.9122226485926,4,2
205,1,2.16093882389335,3.20643026664174,4,0
206,0,2.00013471698334,9.28347119240179,4,2
207,0,2.55491679855413,1.25586826006822,4,0
208,0,2.18700974892407,2.99393581941547,4,0
209,4,1.7148113329205,21.3607350179278,4,1
210,4,2.01795315255204,9.34841391889687,4,2
211,0,2.38539790583012,2.50358216839949,4,0
212,0,1.88684280025051,20.3616150187673,4,2
213,3,2.1909216428989,1.72057799274483,4,0
214,12,2.64207340781185,2.60790028474374,4,0
215,2,2.33465660353718,12.4036612159386,4,1_to_0
216,0,1.77680514980381,24.3274455967013,4,2
217,0,2.39140959226772,2.7071772484255,4,0
218,0,1.96984573796178,8.96297755322125,4,1
219,0,1.78943141896021,7.58469908329182,4,2
220,0,2.41860534940648,1.52417670208675,4,0
221,0,2.85183099572429,1.4160742617623,4,0
222,0,2.69766797230897,1.40342541396356,4,0
223,0,2.62497886778411,1.52498249437183,4,0
224,0,2.23319068910776,2.26340823032237,4,0
225,0,1.61555212498296,4.26352354699929,4,1
226,0,1.44511790040493,18.7627869034055,4,3
227,0,1.85657703836192,10.9567073160369,4,2
228,0,2.23709741458637,1.48133029343473,4,0
229,0,1.54592647936286,3.44422482203881,4,0
230,0,1.50791982279423,1.57964570451064,4,0
231,6,1.90475605238599,8.1321954095952,4,3
232,17,1.03573561522516,3.79391903060097,4,2
233,10,1.22288682558227,2.55925514211929,4,0
234,6,1.14434252879823,4.88453367818699,4,2_to_1
235,4,1.28837904714899,3.29124827533474,4,1
236,3,1.39579574028101,11.1406746877866,4,3
237,3,1.32360261673189,3.89598461519308,4,2
238,0,1.23217947046235,8.68521965252701,4,2_to_3
239,3,1.37456257812298,2.70987347764706,4,0
240,2,1.40321273595701,5.04921855636733,4,1
241,0,1.23936335121031,7.56452737202511,4,2
242,1,1.26131240940867,3.22054288056676,4,2
243,8,1.05579750324854,4.16804046726041,4,2
244,1,1.12569945065234,3.15213845372646,4,2
245,0,1.36617091929952,9.09619235954312,4,3
246,0,1.38244279328644,7.15752559565908,4,2
247,0,1.35800032143401,2.2854966069976,4,0
248,0,1.67899912144121,16.5393132905683,4,1
249,0,1.14964066990165,7.32591295609184,4,2
250,0,1.17479056693387,7.5848839387753,4,2
251,0,0.939274305102263,4.46641935532743,4,2
252,0,0.987277060232545,2.46132062931817,4,1
253,0,0.964332393885742,2.21396915376831,4,0
254,0,0.926158498924347,4.3831665451871,4,2
255,0,0.932588633634805,3.58676800832629,4,2
256,0,1.01970512948906,4.22035801082917,4,2
257,0,1.21440930187853,7.2913832565562,4,1
258,0,1.68175318874438,15.9398415306745,4,3
259,0,1.97351334341893,15.5233921935747,4,3
260,0,1.57696584413768,10.6671406217681,4,1
261,0,1.36820000337923,17.1815927881055,4,3
262,0,1.14844243986439,9.89675451212588,4,2
263,0,1.3710028727405,2.6911693864567,4,0
264,0,0.979938771107222,11.3068053207771,4,2
265,0,1.15527880938877,7.33667179928669,4,1
266,0,0.962017573872071,6.90552859480441,4,2
267,0,1.0052799001957,6.29472521402779,4,2
268,0,0.941810748324898,6.43752578839146,4,1_to_2
269,0,1.02599879464814,7.07013672167295,4,1
270,1,0.979919807136464,6.82721580771161,4,2
271,0,0.998354309053721,6.35192739379119,4,1_to_2
272,0,0.883699788034219,11.6652499661134,4,3
273,0,1.01062649337512,7.34757229568258,4,2
274,0,1.01140136608445,7.53545490693937,4,2
275,0,0.971545852633783,11.7648472484092,4,2_to_1
276,0,1.1589116764239,8.01023210486209,4,2
277,0,1.04198615770873,8.82947137659899,4,2
278,0,0.985318265264243,9.14004399875724,4,1
279,0,0.991940831454733,8.33840580096913,4,2
280,0,1.01038727134549,9.28668285893326,4,2
281,0,0.920177340481265,11.6402138715307,4,2_to_1
282,0,1.08424407025924,10.1052963422017,4,2
283,0,1.01562646117982,8.81778294131611,4,2
284,0,1.05373486780533,9.11225075030271,4,1
285,0,0.890397412976185,11.7003647420036,4,2
286,0,1.15877124637487,10.2161998231203,4,2_to_1
287,0,1.30185616936412,7.35139269829697,4,2
288,0,1.27982206071729,11.2658812413006,4,1
289,0,1.0945318702212,15.6343896272303,4,3
290,0,0.973908969767811,15.0964969382041,4,2
291,0,1.26515128231631,4.52094184027932,4,2
292,0,1.25719609136452,8.62482608906558,4,1
293,0,1.0469525986739,17.1461268463423,4,3
294,0,1.01569261575694,15.0828804406857,4,3_to_2
295,0,1.26664105203285,4.79492691187783,4,2
296,0,1.17041435493277,11.3045134476326,4,1
297,0,0.985324201252947,16.842847560688,4,2
298,0,1.02473842798113,8.53171790642944,4,2
299,0,1.25452146366844,5.28411171707451,4,1
300,0,0.881964148336145,16.010301582243,4,3
301,0,0.881311273048502,15.8784171372832,4,3
302,0,0.931199917307209,10.8474605069982,4,2
303,0,1.17030200629984,7.39207001840183,4,1
304,0,0.870926717433585,14.0847077887243,4,3
305,0,1.06913214865504,6.80817265172569,4,2
306,0,1.12937689726011,9.75266286510768,4,3
307,0,1.19265462039163,8.27698288095269,4,2
308,0,1.1760716359179,5.36295332458232,4,1
309,0,0.987941495128278,16.5391508368989,4,1
310,0,1.06180688893232,9.86768674903234,4,2
311,0,1.06115154606006,9.86214883626291,4,3
312,0,1.30895169329401,7.15422636987325,4,1
313,0,1.07695931767704,16.476397279793,4,3
314,0,0.999997953235857,16.5601972640444,4,3
315,0,0.964698142640114,12.4797431839298,4,3_to_2
316,0,1.46755804650462,2.0858606025378,4,0
317,0,1.11539897754158,14.0673790712096,4,1
318,0,1.12674210829024,15.279589878711,4,3
319,0,1.08953790930579,12.6070413752086,4,2
320,0,1.42332431340084,2.75348662330798,4,2
321,0,1.23104258696872,15.0903873202616,4,1_to_3
322,0,0.92166407793755,18.2122443165319,4,3
323,0,1.04994195524723,11.0518806780132,4,2
324,0,1.24467472537889,3.65731930404104,4,2
325,0,0.952842010374748,15.1977691989516,4,3
326,0,0.882221659572606,15.2601249505505,4,2_to_3
327,0,1.18067431023245,5.57344466507689,4,2
328,0,1.12508949188409,8.96103694695082,4,1
329,0,1.00169180757744,16.0287605426364,4,3
330,0,0.893293069394724,15.6466157768769,4,3
331,0,0.904276689091266,13.9821220578851,4,3
332,0,1.11530508399893,6.44404743828719,4,2
333,0,1.13591720554836,9.72156480118538,4,1
334,0,0.868038055057681,16.8780802208593,4,3
335,0,0.889546333601459,14.9062007383911,4,3_to_2
336,0,1.15411695636989,5.21008708791755,4,2
337,0,1.06238447932406,8.58027360013768,4,1
338,0,0.848485640017503,16.6502697581941,4,3_to_1
339,0,0.956240136188113,11.0738264058334,4,2
340,0,1.18536911398145,2.83459267360936,4,0
341,0,1.02164391627462,11.0098077221843,4,1
342,0,0.886018305542485,17.2725078739588,4,3
343,0,0.875346852800825,16.2442165660085,4,3
344,10,0.878629870216821,16.4451492923034,4,3
345,13,0.91647485145055,18.4781316472928,4,3
346,3,1.03524887150846,9.13258697492057,4,2
347,0,1.16736047278298,2.0922397571723,4,0
348,0,1.0034107239737,12.2125157543389,4,3_to_1
349,0,0.872717088094494,15.806822315568,4,3
350,0,0.869848270901001,14.2210266968634,4,3
351,0,1.089034614347,5.11684560243875,4,2
352,0,1.03864124817855,7.47007906432165,4,1
353,0,0.882972294549175,12.9354787565395,4,2
354,0,1.15700019553519,4.62224779014112,4,2
355,0,1.08184992276637,8.11404293495495,4,1
356,0,0.931518694379901,16.5372659522549,4,3
357,0,1.05604965717303,17.0811689469768,4,3
358,0,1.85685277655504,19.5323963665394,4,3
359,0,1.31338977195945,19.0902002202369,4,3
360,3,1.46050653477537,13.6656205208869,4,2
361,14,1.36671758694974,13.33090337908,4,3
362,1,1.22865803185126,3.56230363968987,4,2
363,0,1.06168232939169,11.4522425312924,4,1_to_3
364,0,0.904900138634433,14.4752148871552,4,3
365,0,0.905659809495183,13.3546556278941,4,3
366,0,1.17682600930504,5.04126331014104,4,2
367,0,1.23954309543829,4.55011408703014,4,1
368,0,1.01161728818403,17.5294603304914,4,1_to_3
369,0,0.963497821143895,18.067205275809,4,2
370,0,0.966474713832881,10.9739323947419,4,2
371,0,1.23386918465216,3.4952889467229,4,1
372,0,0.984826786559045,13.7533381568965,4,3_to_1
373,0,0.953242372995249,10.4525217530605,4,2
374,0,1.38527251648822,3.86430621571159,4,1
375,0,1.12160150678948,16.8759588066737,4,3
376,0,0.982951135686459,16.2162490570707,4,2_to_3
377,0,1.07225381457798,6.14278940691276,4,2
378,0,1.20468002136417,6.80798724819473,4,1
379,0,0.926502322720465,14.7281353686544,4,3_to_2
380,0,1.02481981966033,6.9021597929378,4,2
381,0,1.26312942261439,2.55919587949932,4,0
382,0,1.03590221643425,15.0229279948849,4,1
383,0,0.953305659717861,15.3922756170753,4,3
384,0,1.01631168643182,6.04130872194216,4,2
385,0,1.06145319918859,9.55161533675617,4,1
386,0,0.90308219377273,11.3299855700284,4,2
387,0,1.16206994498752,2.87392085813317,4,2
388,0,1.15655134757642,5.49171497920896,4,1
389,0,0.94739469102325,15.23237586338,4,3
390,0,0.974864073329549,11.6945167271476,4,2
391,0,1.1547867714037,2.91756749807912,4,2
392,0,1.08480921268738,11.3296890824604,4,1
393,0,0.949314272806631,13.5765672996628,4,3
394,0,1.01892758604763,6.88029490778611,4,2
395,0,1.09831937864105,2.94974764243229,4,2
396,0,1.10774309553899,10.2663682580098,4,1
397,0,0.990980054288798,14.6084545216484,4,3
398,0,1.01847172616095,8.25494222821482,4,2
399,0,1.10195345402537,2.49695983490565,4,2
400,0,1.09788853411208,7.91711182920541,4,1
401,0,0.951645592117974,10.1187059803395,4,2
402,0,1.17319556874285,5.98983860763311,4,1
403,0,0.888706944449186,13.329351366128,4,2
404,0,1.04841410963163,5.10297137137091,4,2
405,0,1.03841519126898,3.38105633401106,4,2
406,0,1.10110077302956,3.55045278704199,4,2
407,0,1.13342575447461,7.12268119467798,4,1
408,0,0.901708996089459,13.5571116446945,4,2
409,0,1.11949135830899,4.48376837348758,4,2
410,0,0.918928891736288,12.2418270889316,4,1
411,0,1.05244526492766,4.588992884073,4,2
412,0,1.12217524189668,7.07780677378797,4,1
413,0,0.979877104313482,13.6782580400453,4,3
414,0,0.973103691802576,8.25725228585293,4,2
415,0,1.01948564189922,4.84791692382184,4,1
416,0,0.976571510015569,3.50230814892092,4,2
417,0,1.0820976642894,2.77879679902696,4,2
418,0,1.01998571674711,8.24718270690559,4,1
419,0,0.923894747167604,10.6333133658506,4,2
420,0,1.04812820035668,2.93362269697908,4,2
421,0,1.14953929820191,4.25118379913425,4,1
422,6,0.881224415337343,15.7546228257357,4,3
423,5,0.934379717343564,15.0192053429745,4,3
424,0,0.876330846371789,11.7957492459475,4,3
425,0,1.04558433892062,4.78960434605385,4,2
426,0,1.12156906435316,4.90515258290905,4,1
427,0,0.897211188506609,14.0017195437113,4,3
428,0,0.890745397423146,10.3798753409596,4,2
429,0,1.13018031944156,2.76808855452896,4,2
430,0,1.06001402028295,12.0456802054578,4,1
431,0,0.921461686366799,13.0337285842246,4,3_to_2
432,0,1.09874088611337,3.56326584153002,4,2
433,0,1.05401098817208,3.15173471687069,4,2
434,0,0.930537762474356,8.07482197932944,4,1
435,0,1.0586762618938,3.49358862170126,4,2
436,0,1.08922747891269,8.36267008497502,4,1
437,0,0.890449122826313,14.597659897378,4,3
438,0,0.915041038209784,12.7239620801978,4,2_to_3
439,0,1.09006146715644,3.88845109558326,4,2
440,0,1.07268577527481,3.75877727180679,4,1
441,0,0.885746739321173,9.97328868611955,4,1_to_2
442,0,1.02965005126341,3.19993285602732,4,2
443,0,1.01073828934972,6.77519332907799,4,2
444,0,0.932427801862827,9.45334078674939,4,2_to_1
445,0,0.998484468186664,4.62601325301538,4,2
446,0,1.06263553038702,9.4669937453255,4,1
447,0,0.967603739382925,7.73821765671941,4,2
448,0,1.04480336058069,6.55833458167197,4,1
449,0,1.00035529188402,6.11380620028304,4,2
450,0,1.09924552630391,8.672738518986,4,1
451,0,0.947320736256891,11.3469958611614,4,2
452,0,1.04028616757972,5.59347537221188,4,2
453,0,1.19604161925472,4.13250548541817,4,2
454,0,1.03223079986798,11.6880464055281,4,3
455,0,0.967391961652274,9.19538575197338,4,2
456,0,1.28374703036404,3.03858498098566,4,1
457,0,1.09137432830743,13.2297945073963,4,3
458,0,1.10689544924014,7.34638751563796,4,2
459,0,1.16054842213658,8.09989962996051,4,1
460,0,1.08728246608318,14.667753651693,4,2_to_3
461,0,1.05710137644536,7.03810237752886,4,2
462,0,1.16941491007569,9.70174912388189,4,1
463,0,1.08517416901062,15.143794038096,4,3
464,0,1.04221483240566,7.68509098040259,4,2
465,0,1.22179864077116,3.85482800027306,4,1
466,0,0.913094642691201,10.2830061157751,4,2
467,0,1.20696183245388,5.26936962091048,4,1
468,0,0.904079369064192,10.109892771117,4,2
469,0,1.21056947775775,6.26144155067416,4,1
470,0,0.918875322956661,11.3435583528519,4,3_to_2
471,0,1.11407779657369,8.71869390456919,4,2
472,0,0.993224916439538,9.07110895376365,4,1
473,0,1.03466136643106,6.14537852057296,4,2
474,0,1.18415343573239,8.49320200151053,4,1
475,0,1.14986891414305,15.4136177844835,4,3
476,0,1.04509576142724,9.10492412912807,4,2
477,0,1.29927766899166,6.89346576787483,4,1
478,0,1.24781346737065,14.7323101911302,4,3
479,0,1.1996679403149,14.1698318675253,4,2
480,0,1.26011353452922,4.79165940556454,4,2
481,0,1.26763813184449,13.6530868670058,4,3_to_1
482,0,1.31600813463513,14.4274814212613,4,3
483,0,1.1766767881401,6.86895653400907,4,2
484,0,1.30749970982086,2.19522981864584,4,0
485,0,1.26522038647286,15.9143707958908,4,1_to_3
486,0,1.2427629105397,17.699344265472,4,3
487,0,1.2818343281899,14.9817579846436,4,3
488,0,1.28268533607241,11.0740807821429,4,2
489,0,1.44566281841515,4.05231303961582,4,2
490,0,1.42320758498314,8.48120543988483,4,1
491,0,1.42804669681428,16.5173844522631,4,3
492,0,1.49325402884404,15.2220345937187,4,3
493,0,1.24406130975485,10.0053683271894,4,2
494,0,1.26159109428939,6.51318347450626,4,1
495,0,1.06751220317046,13.5911587925288,4,3
496,0,1.1024406329862,11.4124266161868,4,3_to_2
497,0,1.32998897253674,4.43970931425956,4,2
498,0,1.18916371003428,17.345041019306,4,1
499,0,1.09206248658606,16.5742514476818,4,3
500,0,1.10898084464412,11.4821594448853,4,2
501,0,1.43305976202126,2.66863927442624,4,0
502,0,1.39306497991671,14.8651683934273,4,1
503,0,1.23695735126922,16.6312495189812,4,3
504,0,1.09315451200093,12.6721013900688,4,2
505,0,1.21133074508297,4.25563537698988,4,2
506,5,1.46598730038687,7.85897819874284,4,1
507,0,1.1144209963595,17.8379861511153,4,3
508,0,1.28824526541826,15.3255760195241,4,3
509,0,1.42852994917178,4.50654296044567,4,2
510,0,1.22013170867869,11.4948748342041,4,1
511,0,1.00733829154851,16.7965734937404,4,3
512,0,1.27326606895397,15.1749528523458,4,3
513,0,1.4100326027791,3.94568195569924,4,2
514,0,1.49951964377382,13.5788012986539,4,1
515,0,1.48392511458345,17.2233869153214,4,3
516,0,1.39522379597682,12.0409089161998,4,2
517,0,1.54503839527524,3.17072231363972,4,1
518,0,1.34073222115937,17.6013731134838,4,1
519,0,1.10112989487667,14.7115977821084,4,2
520,0,1.35018262154718,2.84801719662935,4,2
521,0,1.14860403632504,14.0649981518411,4,1_to_3
522,0,0.995602619159972,12.54770287839,4,2
523,0,1.20861799192785,3.10848438610493,4,2
524,0,1.21023627634876,12.9474643186474,4,1_to_3
525,0,1.03649512039148,14.1047719850247,4,3
526,0,1.12206623637404,5.61300855130276,4,2
527,0,1.06932242630112,13.0962075328236,4,1_to_3
528,0,1.07881007522085,12.6191947349119,4,2_to_3
529,0,1.30284012152724,5.67864419366057,4,1
530,0,1.05959926397031,16.2318677377148,4,3
531,0,1.16170339744993,15.4717109064107,4,3
532,0,1.26794823313396,7.76310991064641,4,2
533,0,1.42007191650357,8.29102139283203,4,1
534,0,1.37077467035118,16.8445384052997,4,3
535,0,1.46423152594502,14.383301303945,4,3
536,0,1.48248385231933,3.89358326730547,4,2
537,0,1.61018359765982,13.1773160689803,4,1
538,0,1.54216936859137,18.2858503989904,4,3
539,0,1.52275673246084,14.6637410396229,4,2_to_3
540,0,1.46407084844575,3.58474761461088,4,2
541,0,1.5424909568634,12.962411180803,4,1_to_3
542,0,1.40298439309796,17.9549439782465,4,3
543,0,1.43496407684086,15.1521887357999,4,2
544,0,1.49343819828029,4.4691954180571,4,2
545,0,1.4325080077837,12.5425779144684,4,1
546,0,1.3971390338523,18.4521138777838,4,2
547,0,1.44521670219825,7.49575438758559,4,2
548,0,1.55331053167534,7.26032302259908,4,1
549,0,1.38804003189576,17.4609015905891,4,3
550,0,1.38668395113281,17.2499306694443,4,3
551,0,1.44352162493535,9.6653472758587,4,2
552,0,1.54638834361486,1.96212695067717,4,0
553,0,1.46531476656121,16.9813329247312,4,1
554,0,1.58770035244013,18.5177388340384,4,3
555,0,1.46384766027822,9.75259015574725,4,2
556,0,1.38627290370273,2.2938032082052,4,0
557,0,1.34335578917104,14.9183043756967,4,1
558,0,1.19965155189731,12.9412343796978,4,2
559,0,1.22664783383428,5.26992773923764,4,1
560,0,0.986697723061488,12.7240006996952,4,2
561,0,1.31200941242675,6.02737214995615,4,1
562,0,1.16378947833182,15.5844186590266,4,3
563,0,1.1454105059466,12.4411034412053,4,2
564,0,1.3580909131214,2.41583351339292,4,0
565,0,1.15572333395333,14.5756809670808,4,1_to_3
566,0,1.08851447199609,16.2974353744312,4,3
567,0,1.1454822655605,6.4750877767523,4,2
568,0,1.30051127802985,6.1559909341314,4,1
569,0,0.939849147106932,10.2061574756385,4,2
570,0,1.11846222302119,3.09887498327865,4,2
571,0,1.06846670445754,9.23366252968711,4,1
572,0,1.02784666045321,6.05940731460034,4,2
573,0,1.03055865270152,8.92962281018485,4,1
574,0,0.960609070202192,7.67456393729541,4,2
575,0,0.982951042397434,7.45412241147947,4,1
576,0,0.898556741480812,9.32771790297382,4,2
577,0,1.07495064406294,5.00120383795763,4,1
578,0,0.877445700930343,9.42810206467562,4,2
579,0,1.02267174604045,4.85886848465019,4,1
580,0,0.965590480134227,6.55071667267308,4,2
581,0,0.990488369361859,7.16110905397747,4,1
582,0,0.94718695953023,7.88342652511751,4,2
583,0,1.01143240310804,6.9008354984028,4,1
584,0,0.885510388196773,12.1067597075079,4,2
585,0,1.07613450099412,3.84570093849835,4,2
586,0,0.910053901335304,12.9871566968416,4,1
587,0,0.88635019212372,11.3258351337842,4,2
588,0,1.1164834973333,1.79083842046495,4,0
589,0,1.06106265922861,2.6560839629789,4,2
590,0,0.91328889217875,10.4440751154504,4,1
591,0,1.1006476552312,4.05349961665918,4,2
592,0,0.900557018415345,10.9913330833473,4,2_to_1
593,0,1.07420632520386,3.54221840624262,4,2
594,0,0.972072267193415,5.35587165497105,4,2
595,0,0.930228941630657,9.49719140023961,4,1
596,0,1.07373471561337,4.92867128379734,4,2
597,0,0.954273803975359,9.84109242180234,4,1_to_2
598,0,1.13113531334465,3.90096446529613,4,2
599,0,0.9078462955036,11.2817588547236,4,1
600,0,0.998739119828943,4.58997948078394,4,2
601,0,1.01537830381684,8.97139207998114,4,1
602,0,0.917038126340965,10.5104900114955,4,3_to_2
603,0,1.0960129753493,4.12164649292402,4,2
604,0,0.925440761995896,11.2626357954616,4,2
605,0,0.972709778931247,5.01820894537738,4,2
606,0,1.15710372326306,1.96810631621797,4,0
607,0,1.04171628234745,11.6905765000875,4,3_to_1
608,0,1.06187670168586,11.4984857254977,4,3
609,0,1.18171560024363,2.57797596741393,4,0
610,0,0.969904061929105,11.5107895423218,4,1
611,0,0.973755481644254,13.6792013526188,4,3
612,0,1.05941386814433,8.61528988782485,4,2
613,0,1.21503160817357,3.14936260053694,4,1
614,0,1.11633240670942,13.3140890921392,4,3
615,0,1.06966539597629,13.8155613699337,4,3
616,0,1.11347198240875,7.02841649205918,4,2
617,0,1.13339329714658,3.28806160295458,4,1
618,0,1.07066812606788,10.5566317826092,4,1
619,0,1.17486342707472,4.39800272248721,4,2
620,0,1.05247380918273,12.8063842789648,4,1
621,0,1.06221357139952,11.2932128883061,4,2
622,0,1.20254135440714,4.69503036562998,4,1
623,0,1.08057706766724,10.8745500504297,4,3
624,0,1.13999138745631,5.34032838314832,4,2
625,0,1.25810669930521,6.82985130528654,4,1
626,0,1.11475452168021,14.7756643922224,4,3
627,0,1.08722345123312,11.1526385396053,4,2
628,0,1.33344042836772,3.79412065788364,4,0
629,0,1.10421995576853,15.05952797234,4,1
630,0,1.12964187657287,10.4210857843362,4,2
631,0,1.2746284400631,2.75216901763969,4,2
632,0,1.16549957866549,11.7536378397958,4,1_to_3
633,0,1.11696204708384,12.5120236863604,4,3
634,0,1.26323870202916,3.89136337482684,4,2
635,0,1.12896441236368,12.2095987793159,4,1
636,0,1.12266182314447,13.345502570604,4,3
637,0,1.19401435545786,7.91022346558828,4,2
638,0,1.27248733320512,2.07495008371671,4,0
639,0,1.27720179758446,12.1197856747779,4,1
640,0,1.179908374406,16.1061681241175,4,3
641,0,1.20442275724724,12.3489706722753,4,2
642,0,1.35105223724733,2.10772461225228,4,0
643,0,1.33376549088033,8.77306613194371,4,1
644,0,1.28875880078911,15.6051937700186,4,3
645,0,1.2872825304326,14.8380267265641,4,3
646,0,1.2423738171261,11.6531653987457,4,3_to_2
647,0,1.33844964520649,2.90713848301396,4,2
648,0,1.37840847980176,7.82346513369146,4,1
649,0,1.20901647518488,16.1635908262274,4,3
650,0,1.16164561618539,15.4412776809981,4,3
651,0,1.27102136450936,9.4307414376605,4,2
652,0,1.24881630375603,2.39483468301832,4,0
653,0,1.19216163953766,10.5557522957164,4,1
654,0,1.17563562620487,15.4712910026973,4,3
655,0,1.2132253829484,7.25728753713712,4,2
656,0,1.25396089842238,4.61267592056242,4,1
657,0,1.10635314999072,14.5646305896761,4,1_to_3
658,0,1.12158041198607,14.0862703419466,4,3
659,0,1.08180440999526,9.2902049710373,4,2
660,0,1.29536385585266,2.36102903055485,4,0
661,0,1.11116841181971,12.2452295789777,4,1_to_3
662,0,1.21376303159725,10.1509255756055,4,2
663,0,1.31081295703761,2.59311631008926,4,2
664,0,1.24283344967209,11.7381910548467,4,1
665,0,1.19391706982078,14.8126167386689,4,3
666,0,1.18065628825784,11.5768347495349,4,2
667,0,1.25940531735467,2.68169041746428,4,2
668,0,1.35084292070718,6.28468897146931,4,1
669,0,1.11805708445969,14.3255973491697,4,3
670,0,1.09486631118609,14.2910440023316,4,3
671,0,1.15316967592746,8.2982050041954,4,2
672,0,1.27388540844751,2.09770134008999,4,0
673,0,1.12549702118769,11.9969723084062,4,3_to_1
674,0,1.13858683647328,13.4685437817876,4,3
675,0,1.18204735681592,8.72079849436047,4,2
676,0,1.32283168670611,3.76508553320753,4,1
677,0,1.15881918315482,14.0987514104874,4,3
678,0,1.16752231256801,13.9963184194571,4,3
679,0,1.17765504739249,7.00580186742564,4,2
680,0,1.31961730042201,3.58186880054993,4,0
681,0,1.07207917127512,15.1170661406408,4,3_to_1
682,0,1.14391174683014,15.3417773742417,4,3
683,0,1.16774488957665,12.7166260283503,4,2
684,0,1.20971416852459,3.84373582256351,4,2
685,0,1.16206929353657,4.5971012520659,4,1
686,0,1.06066567716757,6.88535602092934,4,2
687,0,1.11662582227625,8.05142440144883,4,1
688,0,1.03367116626075,13.0422831603662,4,3
689,0,1.14034154380313,6.75363613993227,4,2
690,0,1.20796676042775,5.21493569899592,4,1
691,0,1.03506912420649,13.2590488429271,4,3
692,0,1.11175586911775,12.5765261011801,4,3_to_2
693,0,1.18014901225489,4.97839252711099,4,2
694,0,1.26957420070063,4.00563701574384,4,1
695,0,1.08670703657581,14.9776838308154,4,1
696,0,1.10935692580507,15.6251329109582,4,3
697,0,1.13321687967841,13.5761915752575,4,2
698,0,1.1628530945351,5.58996813890445,4,2
699,0,1.19669022170639,2.68321692074736,4,0
700,4,1.21713718293676,4.6652938581688,4,1
701,5,0.99450364168954,7.9103198110468,4,2
702,0,1.11457164314598,7.07511044427766,4,1
703,0,0.863188973900146,12.7836619043683,4,3
704,0,1.00767734140936,8.48931780158462,4,2
705,0,0.882843694127599,10.6781285123997,4,3_to_1
706,0,0.992568314731153,7.74155604343227,4,2
707,0,1.2396575072194,4.49088842342348,4,1_to_0
708,0,1.05726930973909,12.389096862211,4,3
709,0,1.13218144397847,11.9713289519951,4,3
710,0,1.19316214179923,4.97864266470813,4,2
711,0,1.27117046418066,5.39059151322969,4,1
712,0,1.15880275299896,14.6897184137415,4,3
713,0,1.20793040784149,13.9080486356959,4,2_to_3
714,0,1.28827736356959,4.83390745443065,4,2
715,0,1.16435983680311,8.95464937855035,4,1
716,0,1.02920693453733,8.53765369513887,4,2
717,0,1.34173701651966,5.5725958204337,4,1
718,0,1.27645055539894,15.8584026268067,4,3
719,0,1.29667470816024,15.9864475179442,4,3
720,0,1.31843723504679,7.00805768224402,4,2
721,0,1.41514744536247,5.01395884725198,4,2
722,1,1.02646339031561,10.5158433992293,4,2_to_3
723,0,1.46967422585749,2.45646616371434,4,0
724,0,1.43073046048225,10.8439245208072,4,3
725,0,1.09480844783972,8.0541143712996,4,3_to_2
726,0,1.18782410792329,5.08764187013724,4,2
727,0,1.27795001209559,8.86832554408835,4,3
728,0,1.19261154789471,5.92117156428866,4,2
729,0,1.29682803420147,4.59142238585947,4,1
730,0,1.33068777665754,15.6061874392167,4,3
731,0,1.48354531570694,17.5864239415538,4,3
732,0,1.30721594638614,15.6915249746243,4,2
733,0,1.34072017044795,6.3710799681131,4,2
734,0,1.52809402525521,2.48251991772584,4,0
735,0,1.39509220485405,15.674250886642,4,3_to_1
736,0,1.460293570657,15.6432312066341,4,3
737,0,1.15229772853702,10.7552870465469,4,2
738,0,1.4585714745828,1.90863285172102,4,0
739,0,1.74684980656191,13.8223349126459,4,1
740,0,1.73830083144876,19.5063636434617,4,3
741,0,1.45762803977223,15.6187387193738,4,2
742,0,1.41619091604798,3.1609002171207,4,2
743,0,1.52414000906053,4.10925559732478,4,2
744,0,1.76247121361556,13.45319315573,4,1
745,0,1.58396041145054,19.476220032665,4,3
746,0,1.35261090090613,19.3776075198633,4,3
747,0,1.40378173309519,12.8567937126931,4,2
748,0,1.53200867257333,1.83432479469441,4,0
749,0,1.55343661421382,12.5827884829684,4,1
750,0,1.39951294296001,19.4988340884253,4,3
751,0,1.3377059905163,19.577616006801,4,3
752,0,1.33635068174172,16.3372775670815,4,2
753,0,1.42878222261034,5.75732694087567,4,2
754,0,1.65288699193241,5.91429332510389,4,1
755,0,1.4280529904987,17.0770540158118,4,3
756,0,1.41167198355133,17.4314184546091,4,3
757,0,1.39936167009668,12.6635921283669,4,2
758,0,1.50672615360347,2.1745409034977,4,0
759,0,1.64652620037978,8.57051020578155,4,1
760,0,1.57088013340103,17.5723962968644,4,3
761,0,1.54032908267114,17.5045121140164,4,3
762,0,1.59244524892429,13.0834270806672,4,2
763,0,1.72428572814344,2.66313933160392,4,2_to_0
764,0,1.67780067415347,6.23572657599449,4,1
765,0,1.49506253586264,19.9062421719986,4,3_to_1
766,0,1.50133854413437,20.7684245526106,4,3_to_2
767,0,1.61821844555869,9.79518437622251,4,2
768,0,1.7308184908337,3.89303002786373,4,0
769,0,1.49059156012267,17.0419664547,4,3
770,0,1.58881162619227,18.6268059333799,4,3
771,0,1.64281918148702,16.274052852827,4,2
772,0,1.75811917936237,4.89890398789035,4,2
773,0,1.77537190578373,12.5339905958387,4,1
774,0,1.42118495898644,19.838352637164,4,3
775,0,1.38736126375409,18.4926996584995,4,3
776,0,1.67866691109203,5.28364415851823,4,2
777,0,1.54032472822996,7.09930063571249,4,1
778,0,1.54598040081456,16.657825913724,4,3
779,0,1.55854496809656,17.3659518736897,4,2_to_3
780,0,1.73678452670057,4.97662122445283,4,2
781,0,1.47441895071704,3.33784366980897,4,1
782,0,1.52021147416176,6.75705925257944,4,1
783,0,1.40625885036689,15.0221816834267,4,3
784,0,1.4810856824929,9.2415221127016,4,2
785,0,1.58673510140722,9.12974077364065,4,1
786,0,1.3282428984227,15.5551211731989,4,3
787,0,1.48826880249033,7.86001315693352,4,2
788,0,1.6824300943855,5.99618403446915,4,1
789,0,1.36631434792832,17.439553301244,4,3
790,0,1.54233159505803,18.3166924074756,4,3
791,0,1.63601528801356,12.8894206781902,4,2
792,0,1.70303170977591,3.36313534377056,4,2
793,0,1.90922482426446,11.4290323576366,4,1
794,0,1.58529735224669,19.2416009672803,4,3
795,0,1.61876560070307,18.4894027259157,4,3
796,0,1.62334405063397,16.6940839483139,4,2_to_3
797,0,1.67302027205269,4.58859414978283,4,2
798,0,1.58359042722866,9.20147161714527,4,1
799,0,1.63530169784102,10.5963590847697,4,2
800,0,2.10310970584226,1.62018808366604,4,0
801,0,2.25925043406418,2.08688894735268,4,0
802,0,2.1964891296653,2.55824827646532,4,2
803,0,2.33121566300554,7.93973237388258,4,1
804,0,1.40842570253559,13.7754009292519,4,3
805,0,1.87217026778055,8.61187973065212,4,2
806,0,1.82460342895218,16.7741985328531,4,3
807,0,1.52785826592858,16.5212992405684,4,3
808,0,1.77291549899222,6.36633567277966,4,2
809,0,2.38794844154443,3.85832272164768,4,0
810,0,1.40560122080047,16.1656289272519,4,3
811,0,1.60492063116697,14.0660068895317,4,3
812,0,1.87215454869601,4.27350174552673,4,0_to_2
813,0,2.7512294185084,2.34121895644269,4,0
814,0,2.93765398376989,3.01023174374379,4,1
815,0,2.40856441272401,2.42991662267629,4,0
816,0,2.32867480985664,2.21950146074948,4,0
817,0,2.58167346959101,3.07881336006943,4,0
818,0,2.07528752171837,3.86377262222719,4,2
819,0,1.7485988626154,6.42586712943328,4,1
820,0,1.62944605007441,14.4904449480264,4,3
821,0,1.69677013414585,7.69330734127685,4,2
822,0,1.63971502268947,5.13580544996881,4,1
823,0,1.51578197214705,16.6218402667836,4,3
824,0,1.51878473546502,15.8575512072863,4,3
825,0,1.53009910366957,14.1291050135085,4,2
826,0,1.48512724583561,3.55118375127859,4,2
827,0,1.55296497389139,6.48614129228634,4,1
828,0,1.60820061246724,17.1543075419182,4,1_to_3
829,0,1.68079832889396,17.5767693308254,4,3
830,0,1.65336750320912,15.3824146277634,4,3
831,0,1.88538181479802,6.50984538755785,4,2
832,0,1.65655173446664,3.08091716141737,4,2
833,0,1.71313110929564,13.0403695048353,4,1
834,0,1.65093980070058,17.5892969668183,4,3
835,0,1.66449956050441,16.6770194781809,4,3
836,0,1.64022962177936,11.4544931711056,4,2
837,0,1.74055952852423,3.05128898858567,4,2
838,0,1.52141931994695,3.8519663524939,4,2
839,0,1.51060058004939,18.4208701480834,4,3
840,0,1.71880073624356,19.8210973505085,4,3
841,0,1.75441525768603,19.3582170133377,4,3_to_2
842,0,1.62446885185666,14.4278557770048,4,2
843,0,1.77011194894727,5.72473587467132,4,2
844,0,1.70792519093823,3.45794326487207,4,1
845,0,1.57005454050264,18.7747951719912,4,1
846,0,1.65504478378125,19.8735163522315,4,3
847,0,1.71447145860136,18.6195263892511,4,3
848,0,1.68028282570465,12.8870968715144,4,2
849,0,1.74955228623417,2.41419856201633,4,2
850,0,2.01974473096911,3.5148678849537,4,1
851,0,1.77953429607471,18.2852689907624,4,1_to_3
852,0,1.97618980585835,17.9593215696989,4,3
853,0,1.52748885475994,17.5300385279211,4,3
854,0,1.49471844028026,11.1759950806783,4,2
855,0,1.63627088180278,2.60974744268532,4,1
856,0,1.59225774156309,6.76622337378401,4,1
857,0,1.20153550399259,17.9550727742837,4,3
858,0,1.01203379509864,17.6340389909262,4,3
859,0,1.01205008304372,14.7283289686597,4,2
860,0,1.3421061233011,4.31371841800185,4,2
861,0,1.26680030275856,3.15885220379631,4,2
862,0,1.44003355111806,14.4339188823742,4,1
863,0,1.09856187721383,19.7268945750096,4,3
864,0,1.0863120504964,17.4068860995948,4,3
865,0,1.19203674753185,10.8283937583217,4,2
866,0,1.20331543299765,4.90804053727311,4,1
867,0,1.57612662183501,12.7130741570863,4,1
868,0,1.13809411741578,18.6978291936131,4,3
869,0,1.11407444971258,19.0029930452548,4,3
870,0,1.07597119251652,17.0614354044424,4,3
871,0,1.27408706705243,7.88700433226354,4,2
872,0,1.37712219988876,4.69616266114137,4,1
873,0,1.01880650274717,15.8015777487631,4,3
874,0,1.25903957189575,5.35988199515658,4,2
875,0,1.0698221718906,10.5320805798378,4,3
876,0,1.14715359516427,11.1680844833819,4,2_to_3
877,0,1.49451593455418,3.33959201836637,4,2
878,0,1.561582587916,3.05606395567269,4,3
879,0,1.7130893398372,9.49321013601711,4,1
880,0,1.70364817841489,9.79411530411814,4,2
881,0,1.94419579154715,8.18763669290862,4,2_to_1
882,0,2.28500826360956,4.07638968654189,4,2
883,0,3.4140029215365,3.78503446616227,4,1
884,0,2.1897778264721,12.7770763727923,4,1
885,0,1.52648152548179,18.6176159701889,4,3
886,0,1.64943113530229,16.8405707152475,4,3
887,0,2.06069858937866,10.0227758695227,4,2
888,0,2.69192886361779,6.02661799521033,4,2
889,0,3.0932940535183,2.21644053945381,4,0
890,0,3.661118352714,1.37140154944723,4,0
891,0,3.61847056865789,2.03685616061034,4,0
892,0,3.11365599441862,2.15373701459632,4,0
893,0,3.44095678999717,1.69439613328882,4,0
894,0,3.72647033959908,1.64176037329533,4,0
895,0,3.52257772785645,1.37323429238942,4,0
896,0,3.76232239606565,1.38819089590478,4,0
897,0,3.89399589924838,1.40773780976763,4,0
898,0,3.85160637441616,1.22060202266673,4,0
899,0,3.59967567131038,1.32125779918947,4,0
900,0,3.67616276295452,1.15180664059787,4,0
901,0,3.75617185225288,1.31310202696219,4,0
902,0,3.70803842111616,1.36271529321911,4,0
903,0,3.665324569013,1.04982490804191,4,0
904,0,3.64306111717414,1.22405021159234,4,0
905,0,3.95379236790406,0.954257076088429,4,0
906,0,4.07753834887368,0.742276123411409,4,0
907,0,3.90042502360973,0.847021400166846,4,0
908,0,3.81584331331986,0.960190600264776,4,0
909,0,4.01578301261951,1.10626615577029,4,0
910,0,3.79488582466596,0.965227763974506,4,0
911,0,4.10247387247845,1.06705547514691,4,0
912,0,3.6171434063225,1.65071480046426,4,0
913,0,3.75964123380908,0.775809539289115,4,0
914,0,3.70186325294707,2.07371757492395,4,0
915,0,3.80369625178066,1.31606146027328,4,0
916,0,3.6543505326997,1.5036232095993,4,0
917,0,3.77247186617811,1.39420083922233,4,0
918,0,3.96576671923587,1.47628723766022,4,0
919,0,4.07022118864692,1.25852192733736,4,0
920,0,4.04469198772487,1.39815184071498,4,0
921,0,3.69984096968193,1.24052525203617,4,0
922,0,3.56036006350034,2.1381351548792,4,0
923,0,3.21334540229636,2.84063712841201,4,0
924,0,3.63658889965468,1.73198641493945,4,0
925,0,3.38334750611619,2.36218730944517,4,0
926,0,3.65420260958813,1.70320590344148,4,0
927,0,3.40450676049475,0.972158511910079,4,0
928,0,3.55146120748115,1.53886826669964,4,0
929,0,3.42514442715639,1.92422678665108,4,0
930,0,3.49245388669796,1.34339959717508,4,0
931,0,3.90205303922954,1.40371503685408,4,0
932,0,4.32141704803834,0.618452438715496,4,0
933,0,3.91103280748038,2.27247488082299,4,0
934,0,2.29595231728225,8.17626543683801,4,2
935,0,2.78039932394487,7.8554929829742,4,1_to_0
936,0,2.76186469281029,23.4820186043777,4,3
